"ID","StudentID","Date","MealID","MessID","IsManualAttendance","ManualAttendanceLogID","CreatedTime"
"576278","5202","2025-01-30 20:18:17","3","30","0","0","2025-01-30 21:13:13"
"576277","4482","2025-01-30 20:01:08","3","30","0","0","2025-01-30 21:13:09"
"576276","4576","2025-01-30 19:58:30","3","30","0","0","2025-01-30 21:13:08"
"576275","4575","2025-01-30 19:58:26","3","30","0","0","2025-01-30 21:13:07"
"576274","4540","2025-01-30 19:58:22","3","30","0","0","2025-01-30 21:13:06"
"576273","5212","2025-01-30 19:57:06","3","30","0","0","2025-01-30 21:13:05"
"576272","4857","2025-01-30 19:55:14","3","30","0","0","2025-01-30 21:13:05"
"576271","4704","2025-01-30 19:55:09","3","30","0","0","2025-01-30 21:13:04"
"576270","5049","2025-01-30 19:54:58","3","30","0","0","2025-01-30 21:13:03"
"576269","4817","2025-01-30 19:54:53","3","30","0","0","2025-01-30 21:13:02"
"576268","5262","2025-01-30 19:54:48","3","30","0","0","2025-01-30 21:13:01"
"576267","4901","2025-01-30 19:54:31","3","30","0","0","2025-01-30 21:13:01"
"576266","5102","2025-01-30 19:53:55","3","30","0","0","2025-01-30 21:13:00"
"576265","5187","2025-01-30 19:53:50","3","30","0","0","2025-01-30 21:12:59"
"576264","5255","2025-01-30 19:52:49","3","30","0","0","2025-01-30 21:12:58"
"576263","5268","2025-01-30 19:52:44","3","30","0","0","2025-01-30 21:12:56"
"576262","5204","2025-01-30 19:52:25","3","30","0","0","2025-01-30 21:12:55"
"576261","5040","2025-01-30 19:52:21","3","30","0","0","2025-01-30 21:12:54"
"576260","4706","2025-01-30 19:52:14","3","30","0","0","2025-01-30 21:12:53"
"576259","4589","2025-01-30 19:52:01","3","30","0","0","2025-01-30 21:12:52"
"576258","4849","2025-01-30 19:51:54","3","30","0","0","2025-01-30 21:12:51"
"576257","4568","2025-01-30 19:51:50","3","30","0","0","2025-01-30 21:12:50"
"576256","5225","2025-01-30 19:51:24","3","30","0","0","2025-01-30 21:12:49"
"576255","4831","2025-01-30 19:50:43","3","30","0","0","2025-01-30 21:12:48"
"576254","5112","2025-01-30 19:50:29","3","30","0","0","2025-01-30 21:12:47"
"576253","4865","2025-01-30 19:50:14","3","30","0","0","2025-01-30 21:12:46"
"576252","5156","2025-01-30 19:50:07","3","30","0","0","2025-01-30 21:12:46"
"576251","4613","2025-01-30 19:49:58","3","30","0","0","2025-01-30 21:12:45"
"576250","5021","2025-01-30 19:49:52","3","30","0","0","2025-01-30 21:12:44"
"576249","4931","2025-01-30 19:49:46","3","30","0","0","2025-01-30 21:12:43"
"576248","4856","2025-01-30 19:49:41","3","30","0","0","2025-01-30 21:12:43"
"576247","4781","2025-01-30 19:49:33","3","30","0","0","2025-01-30 21:12:42"
"576246","4854","2025-01-30 19:49:29","3","30","0","0","2025-01-30 21:12:41"
"576245","5082","2025-01-30 19:49:25","3","30","0","0","2025-01-30 21:12:40"
"576244","4855","2025-01-30 19:49:16","3","30","0","0","2025-01-30 21:12:40"
"576243","4920","2025-01-30 19:49:11","3","30","0","0","2025-01-30 21:12:39"
"576242","4925","2025-01-30 19:49:02","3","30","0","0","2025-01-30 21:12:38"
"576241","4921","2025-01-30 19:48:57","3","30","0","0","2025-01-30 21:12:37"
"576240","5218","2025-01-30 19:48:47","3","30","0","0","2025-01-30 21:12:36"
"576239","5216","2025-01-30 19:48:44","3","30","0","0","2025-01-30 21:12:36"
"576238","5221","2025-01-30 19:48:40","3","30","0","0","2025-01-30 21:12:35"
"576237","5222","2025-01-30 19:48:31","3","30","0","0","2025-01-30 21:12:34"
"576236","4597","2025-01-30 19:46:27","3","30","0","0","2025-01-30 21:12:33"
"576235","4884","2025-01-30 19:46:22","3","30","0","0","2025-01-30 21:12:33"
"576234","4598","2025-01-30 19:46:17","3","30","0","0","2025-01-30 21:12:32"
"576233","4721","2025-01-30 19:46:15","3","30","0","0","2025-01-30 21:12:31"
"576232","4728","2025-01-30 19:46:06","3","30","0","0","2025-01-30 21:12:30"
"576231","4451","2025-01-30 19:46:00","3","30","0","0","2025-01-30 21:12:30"
"576230","5224","2025-01-30 19:45:06","3","30","0","0","2025-01-30 21:12:28"
"576229","5120","2025-01-30 19:44:20","3","30","0","0","2025-01-30 21:12:27"
"576228","5006","2025-01-30 19:44:16","3","30","0","0","2025-01-30 21:12:27"
"576227","4677","2025-01-30 19:43:55","3","30","0","0","2025-01-30 21:12:26"
"576226","5210","2025-01-30 19:43:51","3","30","0","0","2025-01-30 21:12:25"
"576225","4742","2025-01-30 19:43:45","3","30","0","0","2025-01-30 21:12:24"
"576224","4508","2025-01-30 19:43:30","3","30","0","0","2025-01-30 21:12:24"
"576223","5176","2025-01-30 19:43:20","3","30","0","0","2025-01-30 21:12:23"
"576222","4825","2025-01-30 19:43:10","3","30","0","0","2025-01-30 21:12:22"
"576221","4871","2025-01-30 19:43:08","3","30","0","0","2025-01-30 21:12:21"
"576220","5276","2025-01-30 19:43:03","3","30","0","0","2025-01-30 21:12:21"
"576219","4813","2025-01-30 19:43:00","3","30","0","0","2025-01-30 21:12:20"
"576218","5194","2025-01-30 19:42:57","3","30","0","0","2025-01-30 21:12:19"
"576217","5274","2025-01-30 19:42:54","3","30","0","0","2025-01-30 21:12:19"
"576216","4739","2025-01-30 19:42:20","3","30","0","0","2025-01-30 21:12:18"
"576215","4680","2025-01-30 19:42:16","3","30","0","0","2025-01-30 21:12:17"
"576214","4667","2025-01-30 19:42:07","3","30","0","0","2025-01-30 21:12:16"
"576213","5108","2025-01-30 19:42:02","3","30","0","0","2025-01-30 21:12:16"
"576212","4657","2025-01-30 19:41:57","3","30","0","0","2025-01-30 21:12:15"
"576211","4735","2025-01-30 19:41:49","3","30","0","0","2025-01-30 21:12:14"
"576210","4843","2025-01-30 19:41:40","3","30","0","0","2025-01-30 21:12:13"
"576209","5129","2025-01-30 19:41:35","3","30","0","0","2025-01-30 21:12:13"
"576208","5026","2025-01-30 19:41:31","3","30","0","0","2025-01-30 21:12:12"
"576207","4519","2025-01-30 19:41:27","3","30","0","0","2025-01-30 21:12:11"
"576206","4974","2025-01-30 19:41:23","3","30","0","0","2025-01-30 21:12:10"
"576205","4518","2025-01-30 19:41:12","3","30","0","0","2025-01-30 21:12:09"
"576204","4485","2025-01-30 19:41:07","3","30","0","0","2025-01-30 21:12:09"
"576203","4656","2025-01-30 19:41:00","3","30","0","0","2025-01-30 21:12:08"
"576202","4654","2025-01-30 19:40:51","3","30","0","0","2025-01-30 21:12:07"
"576201","4517","2025-01-30 19:40:48","3","30","0","0","2025-01-30 21:12:06"
"576200","5119","2025-01-30 19:40:44","3","30","0","0","2025-01-30 21:12:05"
"576199","4954","2025-01-30 19:40:39","3","30","0","0","2025-01-30 21:12:04"
"576198","5273","2025-01-30 19:39:43","3","30","0","0","2025-01-30 21:12:02"
"576197","4669","2025-01-30 19:39:38","3","30","0","0","2025-01-30 21:12:01"
"576196","4648","2025-01-30 19:39:30","3","30","0","0","2025-01-30 21:12:01"
"576195","4641","2025-01-30 19:39:26","3","30","0","0","2025-01-30 21:12:00"
"576194","4730","2025-01-30 19:39:20","3","30","0","0","2025-01-30 21:11:59"
"576193","4520","2025-01-30 19:39:17","3","30","0","0","2025-01-30 21:11:58"
"576192","4583","2025-01-30 19:39:09","3","30","0","0","2025-01-30 21:11:58"
"576191","4480","2025-01-30 19:38:58","3","30","0","0","2025-01-30 21:11:57"
"576190","4481","2025-01-30 19:38:54","3","30","0","0","2025-01-30 21:11:56"
"576189","4486","2025-01-30 19:38:47","3","30","0","0","2025-01-30 21:11:55"
"576188","4619","2025-01-30 19:38:36","3","30","0","0","2025-01-30 21:11:53"
"576187","5185","2025-01-30 19:38:15","3","30","0","0","2025-01-30 21:11:52"
"576186","4830","2025-01-30 19:38:11","3","30","0","0","2025-01-30 21:11:51"
"576185","4750","2025-01-30 19:37:55","3","30","0","0","2025-01-30 21:11:51"
"576184","4628","2025-01-30 19:37:45","3","30","0","0","2025-01-30 21:11:50"
"576183","4947","2025-01-30 19:37:40","3","30","0","0","2025-01-30 21:11:49"
"576182","4945","2025-01-30 19:37:35","3","30","0","0","2025-01-30 21:11:48"
"576181","4946","2025-01-30 19:37:33","3","30","0","0","2025-01-30 21:11:47"
"576180","5131","2025-01-30 19:37:19","3","30","0","0","2025-01-30 21:11:46"
"576179","4527","2025-01-30 19:36:42","3","30","0","0","2025-01-30 21:11:45"
"576178","4445","2025-01-30 19:36:40","3","30","0","0","2025-01-30 21:11:44"
"576177","5231","2025-01-30 19:35:27","3","30","0","0","2025-01-30 21:11:44"
"576176","5087","2025-01-30 19:35:23","3","30","0","0","2025-01-30 21:11:43"
"576175","5191","2025-01-30 19:34:53","3","30","0","0","2025-01-30 21:11:42"
"576174","5093","2025-01-30 19:34:48","3","30","0","0","2025-01-30 21:11:41"
"576173","4466","2025-01-30 19:34:23","3","30","0","0","2025-01-30 21:11:39"
"576172","5249","2025-01-30 19:34:19","3","30","0","0","2025-01-30 21:11:38"
"576171","5237","2025-01-30 19:34:15","3","30","0","0","2025-01-30 21:11:38"
"576170","5236","2025-01-30 19:34:06","3","30","0","0","2025-01-30 21:11:37"
"576169","4549","2025-01-30 19:33:33","3","30","0","0","2025-01-30 21:11:35"
"576168","4548","2025-01-30 19:33:26","3","30","0","0","2025-01-30 21:11:34"
"576167","4881","2025-01-30 19:33:22","3","30","0","0","2025-01-30 21:11:34"
"576166","5271","2025-01-30 19:32:22","3","30","0","0","2025-01-30 21:11:33"
"576165","5091","2025-01-30 19:32:16","3","30","0","0","2025-01-30 21:11:32"
"576164","4793","2025-01-30 19:32:11","3","30","0","0","2025-01-30 21:11:31"
"576163","5117","2025-01-30 19:32:08","3","30","0","0","2025-01-30 21:11:31"
"576162","5306","2025-01-30 19:32:04","3","30","0","0","2025-01-30 21:11:30"
"576161","4965","2025-01-30 19:32:01","3","30","0","0","2025-01-30 21:11:29"
"576160","4533","2025-01-30 19:31:57","3","30","0","0","2025-01-30 21:11:28"
"576159","4605","2025-01-30 19:31:38","3","30","0","0","2025-01-30 21:11:28"
"576158","4580","2025-01-30 19:31:10","3","30","0","0","2025-01-30 21:11:27"
"576157","4933","2025-01-30 19:31:02","3","30","0","0","2025-01-30 21:11:25"
"576156","4848","2025-01-30 19:30:26","3","30","0","0","2025-01-30 21:11:25"
"576155","5205","2025-01-30 19:30:18","3","30","0","0","2025-01-30 21:11:24"
"576154","5088","2025-01-30 19:30:07","3","30","0","0","2025-01-30 21:11:23"
"576153","4976","2025-01-30 19:29:49","3","30","0","0","2025-01-30 21:11:22"
"576152","4731","2025-01-30 19:29:42","3","30","0","0","2025-01-30 21:11:22"
"576151","4722","2025-01-30 19:29:37","3","30","0","0","2025-01-30 21:11:21"
"576150","4904","2025-01-30 19:29:33","3","30","0","0","2025-01-30 21:11:20"
"576149","4804","2025-01-30 19:29:30","3","30","0","0","2025-01-30 21:11:19"
"576148","5115","2025-01-30 19:29:26","3","30","0","0","2025-01-30 21:11:19"
"576147","4579","2025-01-30 19:29:17","3","30","0","0","2025-01-30 21:11:18"
"576146","4574","2025-01-30 19:29:08","3","30","0","0","2025-01-30 21:11:17"
"576145","4791","2025-01-30 19:29:03","3","30","0","0","2025-01-30 21:11:16"
"576144","5086","2025-01-30 19:28:57","3","30","0","0","2025-01-30 21:11:15"
"576143","4792","2025-01-30 19:28:52","3","30","0","0","2025-01-30 21:11:15"
"576142","4577","2025-01-30 19:28:42","3","30","0","0","2025-01-30 21:11:14"
"576141","4476","2025-01-30 19:28:31","3","30","0","0","2025-01-30 21:11:13"
"576140","4545","2025-01-30 19:28:26","3","30","0","0","2025-01-30 21:11:13"
"576139","5261","2025-01-30 19:28:05","3","30","0","0","2025-01-30 21:11:11"
"576138","5077","2025-01-30 19:28:01","3","30","0","0","2025-01-30 21:11:10"
"576137","5133","2025-01-30 19:27:56","3","30","0","0","2025-01-30 21:11:10"
"576136","5078","2025-01-30 19:27:52","3","30","0","0","2025-01-30 21:11:09"
"576135","4726","2025-01-30 19:26:58","3","30","0","0","2025-01-30 21:11:08"
"576134","4880","2025-01-30 19:26:53","3","30","0","0","2025-01-30 21:11:07"
"576133","5290","2025-01-30 19:26:43","3","30","0","0","2025-01-30 21:11:06"
"576132","5297","2025-01-30 19:26:39","3","30","0","0","2025-01-30 21:11:06"
"576131","4711","2025-01-30 19:26:17","3","30","0","0","2025-01-30 21:11:05"
"576130","4874","2025-01-30 19:26:11","3","30","0","0","2025-01-30 21:11:04"
"576129","5005","2025-01-30 19:26:07","3","30","0","0","2025-01-30 21:11:03"
"576128","4778","2025-01-30 19:26:00","3","30","0","0","2025-01-30 21:11:03"
"576127","4958","2025-01-30 19:25:51","3","30","0","0","2025-01-30 21:11:02"
"576126","4779","2025-01-30 19:25:46","3","30","0","0","2025-01-30 21:11:01"
"576125","4870","2025-01-30 19:25:37","3","30","0","0","2025-01-30 21:11:00"
"576124","4979","2025-01-30 19:25:33","3","30","0","0","2025-01-30 21:11:00"
"576123","4981","2025-01-30 19:25:29","3","30","0","0","2025-01-30 21:10:59"
"576122","4995","2025-01-30 19:25:25","3","30","0","0","2025-01-30 21:10:58"
"576121","4512","2025-01-30 19:25:21","3","30","0","0","2025-01-30 21:10:58"
"576120","4511","2025-01-30 19:25:13","3","30","0","0","2025-01-30 21:10:57"
"576119","4514","2025-01-30 19:25:08","3","30","0","0","2025-01-30 21:10:56"
"576118","4513","2025-01-30 19:25:05","3","30","0","0","2025-01-30 21:10:55"
"576117","4515","2025-01-30 19:25:01","3","30","0","0","2025-01-30 21:10:54"
"576116","5145","2025-01-30 19:24:28","3","30","0","0","2025-01-30 21:10:54"
"576115","4499","2025-01-30 19:24:23","3","30","0","0","2025-01-30 21:10:53"
"576114","4500","2025-01-30 19:24:19","3","30","0","0","2025-01-30 21:10:52"
"576113","5230","2025-01-30 19:23:59","3","30","0","0","2025-01-30 21:10:51"
"576112","5104","2025-01-30 19:23:55","3","30","0","0","2025-01-30 21:10:50"
"576111","5293","2025-01-30 19:23:50","3","30","0","0","2025-01-30 21:10:50"
"576110","5084","2025-01-30 19:23:12","3","30","0","0","2025-01-30 21:10:49"
"576109","5083","2025-01-30 19:23:08","3","30","0","0","2025-01-30 21:10:48"
"576108","5155","2025-01-30 19:23:04","3","30","0","0","2025-01-30 21:10:47"
"576107","4816","2025-01-30 19:22:54","3","30","0","0","2025-01-30 21:10:47"
"576106","5277","2025-01-30 19:22:44","3","30","0","0","2025-01-30 21:10:46"
"576105","5260","2025-01-30 19:22:41","3","30","0","0","2025-01-30 21:10:45"
"576104","5162","2025-01-30 19:22:24","3","30","0","0","2025-01-30 21:10:44"
"576103","4774","2025-01-30 19:22:19","3","30","0","0","2025-01-30 21:10:43"
"576102","4978","2025-01-30 19:22:14","3","30","0","0","2025-01-30 21:10:42"
"576101","5053","2025-01-30 19:22:09","3","30","0","0","2025-01-30 21:10:41"
"576100","4444","2025-01-30 19:21:45","3","30","0","0","2025-01-30 21:10:40"
"576099","5234","2025-01-30 19:21:09","3","30","0","0","2025-01-30 21:10:39"
"576098","5214","2025-01-30 19:20:54","3","30","0","0","2025-01-30 21:10:38"
"576097","5198","2025-01-30 19:20:46","3","30","0","0","2025-01-30 21:10:37"
"576096","4892","2025-01-30 19:20:41","3","30","0","0","2025-01-30 21:10:37"
"576095","5200","2025-01-30 19:20:36","3","30","0","0","2025-01-30 21:10:36"
"576094","4997","2025-01-30 19:20:32","3","30","0","0","2025-01-30 21:10:35"
"576093","4839","2025-01-30 19:20:26","3","30","0","0","2025-01-30 21:10:34"
"576092","4700","2025-01-30 19:20:18","3","30","0","0","2025-01-30 21:10:34"
"576091","5280","2025-01-30 19:20:12","3","30","0","0","2025-01-30 21:10:33"
"576090","4713","2025-01-30 19:20:08","3","30","0","0","2025-01-30 21:10:32"
"576089","5069","2025-01-30 19:20:03","3","30","0","0","2025-01-30 21:10:31"
"576088","4766","2025-01-30 19:19:59","3","30","0","0","2025-01-30 21:10:31"
"576087","5050","2025-01-30 19:19:50","3","30","0","0","2025-01-30 21:10:30"
"576086","4535","2025-01-30 19:19:44","3","30","0","0","2025-01-30 21:10:29"
"576085","4478","2025-01-30 19:19:34","3","30","0","0","2025-01-30 21:10:28"
"576084","4479","2025-01-30 19:19:28","3","30","0","0","2025-01-30 21:10:27"
"576083","4617","2025-01-30 19:19:24","3","30","0","0","2025-01-30 21:10:27"
"576082","4676","2025-01-30 19:19:20","3","30","0","0","2025-01-30 21:10:26"
"576081","5253","2025-01-30 19:19:05","3","30","0","0","2025-01-30 21:10:25"
"576080","4521","2025-01-30 19:18:59","3","30","0","0","2025-01-30 21:10:24"
"576079","4608","2025-01-30 19:18:54","3","30","0","0","2025-01-30 21:10:23"
"576078","4496","2025-01-30 19:18:47","3","30","0","0","2025-01-30 21:10:22"
"576077","4955","2025-01-30 19:18:32","3","30","0","0","2025-01-30 21:10:20"
"576076","4547","2025-01-30 19:18:28","3","30","0","0","2025-01-30 21:10:20"
"576075","4546","2025-01-30 19:18:23","3","30","0","0","2025-01-30 21:10:19"
"576074","5251","2025-01-30 19:18:06","3","30","0","0","2025-01-30 21:10:18"
"576073","5250","2025-01-30 19:18:00","3","30","0","0","2025-01-30 21:10:17"
"576072","5092","2025-01-30 19:17:55","3","30","0","0","2025-01-30 21:10:17"
"576071","4740","2025-01-30 19:17:47","3","30","0","0","2025-01-30 21:10:16"
"576070","4956","2025-01-30 19:17:41","3","30","0","0","2025-01-30 21:10:15"
"576069","4652","2025-01-30 19:17:31","3","30","0","0","2025-01-30 21:10:14"
"576068","4687","2025-01-30 19:17:25","3","30","0","0","2025-01-30 21:10:14"
"576067","4660","2025-01-30 19:17:21","3","30","0","0","2025-01-30 21:10:13"
"576066","5287","2025-01-30 19:17:15","3","30","0","0","2025-01-30 21:10:12"
"576065","4651","2025-01-30 19:17:11","3","30","0","0","2025-01-30 21:10:11"
"576064","4951","2025-01-30 19:17:02","3","30","0","0","2025-01-30 21:10:10"
"576063","4996","2025-01-30 19:16:57","3","30","0","0","2025-01-30 21:10:10"
"576062","4503","2025-01-30 19:16:52","3","30","0","0","2025-01-30 21:10:09"
"576061","4859","2025-01-30 19:16:48","3","30","0","0","2025-01-30 21:10:08"
"576060","5289","2025-01-30 19:16:44","3","30","0","0","2025-01-30 21:10:07"
"576059","5299","2025-01-30 19:16:40","3","30","0","0","2025-01-30 21:10:07"
"576058","5061","2025-01-30 19:16:36","3","30","0","0","2025-01-30 21:10:06"
"576057","5309","2025-01-30 19:16:31","3","30","0","0","2025-01-30 21:10:05"
"576056","4737","2025-01-30 19:16:26","3","30","0","0","2025-01-30 21:10:04"
"576055","4543","2025-01-30 19:16:07","3","30","0","0","2025-01-30 21:10:04"
"576054","5215","2025-01-30 19:16:02","3","30","0","0","2025-01-30 21:10:03"
"576053","4483","2025-01-30 19:15:57","3","30","0","0","2025-01-30 21:10:02"
"576052","4489","2025-01-30 19:15:37","3","30","0","0","2025-01-30 21:10:01"
"576051","5201","2025-01-30 19:15:19","3","30","0","0","2025-01-30 21:10:00"
"576050","4569","2025-01-30 19:15:13","3","30","0","0","2025-01-30 21:09:59"
"576049","4994","2025-01-30 19:15:07","3","30","0","0","2025-01-30 21:09:59"
"576048","4455","2025-01-30 19:15:01","3","30","0","0","2025-01-30 21:09:58"
"576047","4532","2025-01-30 19:14:50","3","30","0","0","2025-01-30 21:09:56"
"576046","4456","2025-01-30 19:14:45","3","30","0","0","2025-01-30 21:09:55"
"576045","5136","2025-01-30 19:14:34","3","30","0","0","2025-01-30 21:09:55"
"576044","4950","2025-01-30 19:14:29","3","30","0","0","2025-01-30 21:09:54"
"576043","5017","2025-01-30 19:14:16","3","30","0","0","2025-01-30 21:09:53"
"576042","4953","2025-01-30 19:14:10","3","30","0","0","2025-01-30 21:09:52"
"576041","4847","2025-01-30 19:14:05","3","30","0","0","2025-01-30 21:09:51"
"576040","4720","2025-01-30 19:13:58","3","30","0","0","2025-01-30 21:09:51"
"576039","4890","2025-01-30 19:13:53","3","30","0","0","2025-01-30 21:09:50"
"576038","4760","2025-01-30 19:13:48","3","30","0","0","2025-01-30 21:09:49"
"576037","4776","2025-01-30 19:13:43","3","30","0","0","2025-01-30 21:09:48"
"576036","5279","2025-01-30 19:13:37","3","30","0","0","2025-01-30 21:09:47"
"576035","4829","2025-01-30 19:13:24","3","30","0","0","2025-01-30 21:09:47"
"576034","5241","2025-01-30 19:13:18","3","30","0","0","2025-01-30 21:09:46"
"576033","4701","2025-01-30 19:13:11","3","30","0","0","2025-01-30 21:09:45"
"576032","4751","2025-01-30 19:13:06","3","30","0","0","2025-01-30 21:09:44"
"576031","4477","2025-01-30 19:13:02","3","30","0","0","2025-01-30 21:09:44"
"576030","5284","2025-01-30 19:12:57","3","30","0","0","2025-01-30 21:09:43"
"576029","4916","2025-01-30 19:12:53","3","30","0","0","2025-01-30 21:09:42"
"576028","5009","2025-01-30 19:12:31","3","30","0","0","2025-01-30 21:09:41"
"576027","5196","2025-01-30 19:12:26","3","30","0","0","2025-01-30 21:09:41"
"576026","5266","2025-01-30 19:11:12","3","30","0","0","2025-01-30 21:09:40"
"576025","4614","2025-01-30 19:11:04","3","30","0","0","2025-01-30 21:09:39"
"576024","4647","2025-01-30 19:10:46","3","30","0","0","2025-01-30 21:09:38"
"576023","4459","2025-01-30 19:10:39","3","30","0","0","2025-01-30 21:09:38"
"576022","5113","2025-01-30 19:10:27","3","30","0","0","2025-01-30 21:09:37"
"576021","4509","2025-01-30 19:10:08","3","30","0","0","2025-01-30 21:09:35"
"576020","5175","2025-01-30 19:10:02","3","30","0","0","2025-01-30 21:09:35"
"576019","4754","2025-01-30 19:09:55","3","30","0","0","2025-01-30 21:09:34"
"576018","4752","2025-01-30 19:09:50","3","30","0","0","2025-01-30 21:09:33"
"576017","4809","2025-01-30 19:09:45","3","30","0","0","2025-01-30 21:09:32"
"576016","4584","2025-01-30 19:09:40","3","30","0","0","2025-01-30 21:09:31"
"576015","4917","2025-01-30 19:09:30","3","30","0","0","2025-01-30 21:09:31"
"576014","4743","2025-01-30 19:09:23","3","30","0","0","2025-01-30 21:09:30"
"576013","4640","2025-01-30 19:09:18","3","30","0","0","2025-01-30 21:09:29"
"576012","4638","2025-01-30 19:09:13","3","30","0","0","2025-01-30 21:09:28"
"576011","4631","2025-01-30 19:09:10","3","30","0","0","2025-01-30 21:09:28"
"576010","4642","2025-01-30 19:09:06","3","30","0","0","2025-01-30 21:09:27"
"576009","4675","2025-01-30 19:09:03","3","30","0","0","2025-01-30 21:09:26"
"576008","4691","2025-01-30 19:08:54","3","30","0","0","2025-01-30 21:09:25"
"576007","4672","2025-01-30 19:08:48","3","30","0","0","2025-01-30 21:09:25"
"576006","4639","2025-01-30 19:08:44","3","30","0","0","2025-01-30 21:09:24"
"576005","4665","2025-01-30 19:08:37","3","30","0","0","2025-01-30 21:09:23"
"576004","4553","2025-01-30 19:08:28","3","30","0","0","2025-01-30 21:09:22"
"576003","4592","2025-01-30 19:08:22","3","30","0","0","2025-01-30 21:09:21"
"576002","4662","2025-01-30 19:08:16","3","30","0","0","2025-01-30 21:09:21"
"576001","4661","2025-01-30 19:08:11","3","30","0","0","2025-01-30 21:09:20"
"576000","4634","2025-01-30 19:08:03","3","30","0","0","2025-01-30 21:09:19"
"575999","5019","2025-01-30 19:07:57","3","30","0","0","2025-01-30 21:09:19"
"575998","5048","2025-01-30 19:07:50","3","30","0","0","2025-01-30 21:09:18"
"575997","5031","2025-01-30 19:07:46","3","30","0","0","2025-01-30 21:09:17"
"575996","4832","2025-01-30 19:07:42","3","30","0","0","2025-01-30 21:09:16"
"575995","4773","2025-01-30 19:07:38","3","30","0","0","2025-01-30 21:09:15"
"575994","5158","2025-01-30 19:06:45","3","30","0","0","2025-01-30 21:09:13"
"575993","4805","2025-01-30 19:06:21","3","30","0","0","2025-01-30 21:09:12"
"575992","5047","2025-01-30 19:06:15","3","30","0","0","2025-01-30 21:09:12"
"575991","4810","2025-01-30 19:06:10","3","30","0","0","2025-01-30 21:09:11"
"575990","4765","2025-01-30 19:06:01","3","30","0","0","2025-01-30 21:09:10"
"575989","4777","2025-01-30 19:05:55","3","30","0","0","2025-01-30 21:09:09"
"575988","4882","2025-01-30 19:05:41","3","30","0","0","2025-01-30 21:09:09"
"575987","5288","2025-01-30 19:05:34","3","30","0","0","2025-01-30 21:09:08"
"575986","4516","2025-01-30 19:05:28","3","30","0","0","2025-01-30 21:09:07"
"575985","4581","2025-01-30 19:05:25","3","30","0","0","2025-01-30 21:09:06"
"575984","4601","2025-01-30 19:05:21","3","30","0","0","2025-01-30 21:09:06"
"575983","4807","2025-01-30 19:04:56","3","30","0","0","2025-01-30 21:09:05"
"575982","5296","2025-01-30 19:04:30","3","30","0","0","2025-01-30 21:09:04"
"575981","5283","2025-01-30 19:04:23","3","30","0","0","2025-01-30 21:09:03"
"575980","5282","2025-01-30 19:04:17","3","30","0","0","2025-01-30 21:09:03"
"575979","4457","2025-01-30 19:04:11","3","30","0","0","2025-01-30 21:09:02"
"575978","4449","2025-01-30 19:04:06","3","30","0","0","2025-01-30 21:09:01"
"575977","4450","2025-01-30 19:04:00","3","30","0","0","2025-01-30 21:09:00"
"575976","4861","2025-01-30 19:03:47","3","30","0","0","2025-01-30 21:08:59"
"575975","4967","2025-01-30 19:03:43","3","30","0","0","2025-01-30 21:08:59"
"575974","4491","2025-01-30 19:01:55","3","30","0","0","2025-01-30 21:08:57"
"575973","4493","2025-01-30 19:01:51","3","30","0","0","2025-01-30 21:08:56"
"575972","4490","2025-01-30 19:01:46","3","30","0","0","2025-01-30 21:08:56"
"575971","5208","2025-01-30 19:01:33","3","30","0","0","2025-01-30 21:08:54"
"575970","5197","2025-01-30 19:01:26","3","30","0","0","2025-01-30 21:08:53"
"575969","5207","2025-01-30 19:01:22","3","30","0","0","2025-01-30 21:08:53"
"575968","4710","2025-01-30 19:01:06","3","30","0","0","2025-01-30 21:08:51"
"575967","5264","2025-01-30 19:01:02","3","30","0","0","2025-01-30 21:08:50"
"575966","4877","2025-01-30 19:00:57","3","30","0","0","2025-01-30 21:08:50"
"575965","4799","2025-01-30 19:00:53","3","30","0","0","2025-01-30 21:08:49"
"575964","4966","2025-01-30 19:00:49","3","30","0","0","2025-01-30 21:08:48"
"575963","5023","2025-01-30 19:00:39","3","30","0","0","2025-01-30 21:08:47"
"575962","4907","2025-01-30 19:00:34","3","30","0","0","2025-01-30 21:08:46"
"575961","5036","2025-01-30 19:00:24","3","30","0","0","2025-01-30 21:08:46"
"575960","5183","2025-01-30 18:59:18","3","30","0","0","2025-01-30 21:08:45"
"575959","4538","2025-01-30 18:59:14","3","30","0","0","2025-01-30 21:08:44"
"575958","4539","2025-01-30 18:59:09","3","30","0","0","2025-01-30 21:08:43"
"575957","4748","2025-01-30 18:58:40","3","30","0","0","2025-01-30 21:08:43"
"575956","5052","2025-01-30 18:58:24","3","30","0","0","2025-01-30 21:08:42"
"575955","5165","2025-01-30 18:58:20","3","30","0","0","2025-01-30 21:08:41"
"575954","4808","2025-01-30 18:57:30","3","30","0","0","2025-01-30 21:08:40"
"575953","5089","2025-01-30 18:57:24","3","30","0","0","2025-01-30 21:08:39"
"575952","4949","2025-01-30 18:57:20","3","30","0","0","2025-01-30 21:08:38"
"575951","4872","2025-01-30 18:57:15","3","30","0","0","2025-01-30 21:08:37"
"575950","4588","2025-01-30 18:57:11","3","30","0","0","2025-01-30 21:08:36"
"575949","4567","2025-01-30 18:57:02","3","30","0","0","2025-01-30 21:08:36"
"575948","4565","2025-01-30 18:56:57","3","30","0","0","2025-01-30 21:08:35"
"575947","4602","2025-01-30 18:56:51","3","30","0","0","2025-01-30 21:08:34"
"575946","4678","2025-01-30 18:56:47","3","30","0","0","2025-01-30 21:08:34"
"575945","4630","2025-01-30 18:55:37","3","30","0","0","2025-01-30 21:08:33"
"575944","4812","2025-01-30 18:54:13","3","30","0","0","2025-01-30 21:08:32"
"575943","4968","2025-01-30 18:54:07","3","30","0","0","2025-01-30 21:08:31"
"575942","5182","2025-01-30 18:51:57","3","30","0","0","2025-01-30 21:08:31"
"575941","4610","2025-01-30 18:51:49","3","30","0","0","2025-01-30 21:08:30"
"575940","5063","2025-01-30 18:51:20","3","30","0","0","2025-01-30 21:08:29"
"575939","4603","2025-01-30 18:49:44","3","30","0","0","2025-01-30 21:08:28"
"575938","5232","2025-01-30 18:49:31","3","30","0","0","2025-01-30 21:08:28"
"575937","5312","2025-01-30 18:49:27","3","30","0","0","2025-01-30 21:08:27"
"575936","5270","2025-01-30 18:49:23","3","30","0","0","2025-01-30 21:08:26"
"575935","5062","2025-01-30 18:48:48","3","30","0","0","2025-01-30 21:08:25"
"575934","5107","2025-01-30 18:48:43","3","30","0","0","2025-01-30 21:08:25"
"575933","4787","2025-01-30 18:48:20","3","30","0","0","2025-01-30 21:08:24"
"575932","4551","2025-01-30 18:48:10","3","30","0","0","2025-01-30 21:08:23"
"575931","4659","2025-01-30 18:46:42","3","30","0","0","2025-01-30 21:08:22"
"575930","4712","2025-01-30 18:46:29","3","30","0","0","2025-01-30 21:08:22"
"575929","4755","2025-01-30 18:46:23","3","30","0","0","2025-01-30 21:08:21"
"575928","4467","2025-01-30 18:46:19","3","30","0","0","2025-01-30 21:08:20"
"575927","4448","2025-01-30 18:45:52","3","30","0","0","2025-01-30 21:08:19"
"575926","4891","2025-01-30 18:45:39","3","30","0","0","2025-01-30 21:08:19"
"575925","4725","2025-01-30 18:45:35","3","30","0","0","2025-01-30 21:08:18"
"575924","4786","2025-01-30 18:43:39","3","30","0","0","2025-01-30 21:08:16"
"575923","5245","2025-01-30 18:43:25","3","30","0","0","2025-01-30 21:08:15"
"575922","5105","2025-01-30 18:43:19","3","30","0","0","2025-01-30 21:08:14"
"575921","4446","2025-01-30 18:42:40","3","30","0","0","2025-01-30 21:08:14"
"575920","4465","2025-01-30 18:42:33","3","30","0","0","2025-01-30 21:08:13"
"575919","4447","2025-01-30 18:40:25","3","30","0","0","2025-01-30 21:08:12"
"575918","4694","2025-01-30 18:40:05","3","30","0","0","2025-01-30 21:08:11"
"575917","4790","2025-01-30 18:39:45","3","30","0","0","2025-01-30 21:08:10"
"575916","4501","2025-01-30 18:38:57","3","30","0","0","2025-01-30 21:08:08"
"575915","4826","2025-01-30 18:38:50","3","30","0","0","2025-01-30 21:08:07"
"575914","4889","2025-01-30 18:38:43","3","30","0","0","2025-01-30 21:08:07"
"575913","4759","2025-01-30 18:36:53","3","30","0","0","2025-01-30 21:08:06"
"575912","4758","2025-01-30 18:36:49","3","30","0","0","2025-01-30 21:08:05"
"575911","4612","2025-01-30 18:36:44","3","30","0","0","2025-01-30 21:08:04"
"575910","5217","2025-01-30 18:36:04","3","30","0","0","2025-01-30 21:08:04"
"575909","4632","2025-01-30 18:35:53","3","30","0","0","2025-01-30 21:08:03"
"575908","4927","2025-01-30 18:35:42","3","30","0","0","2025-01-30 21:08:02"
"575907","4908","2025-01-30 18:35:38","3","30","0","0","2025-01-30 21:08:01"
"575906","4911","2025-01-30 18:35:33","3","30","0","0","2025-01-30 21:08:01"
"575905","4906","2025-01-30 18:35:29","3","30","0","0","2025-01-30 21:08:00"
"575904","4834","2025-01-30 18:34:23","3","30","0","0","2025-01-30 21:07:58"
"575903","4902","2025-01-30 18:34:18","3","30","0","0","2025-01-30 21:07:58"
"575902","4645","2025-01-30 18:33:51","3","30","0","0","2025-01-30 21:07:57"
"575901","4913","2025-01-30 18:32:42","3","30","0","0","2025-01-30 21:07:56"
"575900","4655","2025-01-30 18:32:23","3","30","0","0","2025-01-30 21:07:55"
"575899","4463","2025-01-30 18:32:17","3","30","0","0","2025-01-30 21:07:54"
"575898","5002","2025-01-30 18:32:07","3","30","0","0","2025-01-30 21:07:53"
"575897","4635","2025-01-30 18:31:40","3","30","0","0","2025-01-30 21:07:50"
"575896","5062","2025-01-30 13:54:47","2","30","0","0","2025-01-30 21:07:48"
"575895","5254","2025-01-30 13:42:22","2","30","0","0","2025-01-30 21:07:48"
"575894","4717","2025-01-30 13:42:16","2","30","0","0","2025-01-30 21:07:47"
"575893","4714","2025-01-30 13:42:08","2","30","0","0","2025-01-30 21:07:46"
"575892","4642","2025-01-30 13:39:17","2","30","0","0","2025-01-30 21:07:45"
"575891","4893","2025-01-30 13:38:33","2","30","0","0","2025-01-30 21:07:45"
"575890","4994","2025-01-30 13:38:20","2","30","0","0","2025-01-30 21:07:44"
"575889","5255","2025-01-30 13:38:12","2","30","0","0","2025-01-30 21:07:43"
"575888","5082","2025-01-30 13:28:57","2","30","0","0","2025-01-30 21:07:42"
"575887","4708","2025-01-30 13:28:56","2","30","0","0","2025-01-30 21:07:42"
"575886","4713","2025-01-30 13:26:52","2","30","0","0","2025-01-30 21:07:41"
"575885","4716","2025-01-30 13:26:48","2","30","0","0","2025-01-30 21:07:40"
"575884","5074","2025-01-30 13:15:15","2","30","0","0","2025-01-30 21:07:38"
"575883","4925","2025-01-30 13:15:05","2","30","0","0","2025-01-30 21:07:38"
"575882","5110","2025-01-30 13:13:31","2","30","0","0","2025-01-30 21:07:37"
"575881","4797","2025-01-30 13:13:26","2","30","0","0","2025-01-30 21:07:36"
"575880","5108","2025-01-30 13:13:23","2","30","0","0","2025-01-30 21:07:35"
"575879","4479","2025-01-30 13:13:03","2","30","0","0","2025-01-30 21:07:35"
"575878","4478","2025-01-30 13:12:59","2","30","0","0","2025-01-30 21:07:34"
"575877","4535","2025-01-30 13:12:57","2","30","0","0","2025-01-30 21:07:33"
"575876","5225","2025-01-30 13:05:14","2","30","0","0","2025-01-30 21:07:32"
"575875","5312","2025-01-30 12:59:23","2","30","0","0","2025-01-30 21:07:31"
"575874","4901","2025-01-30 12:59:19","2","30","0","0","2025-01-30 21:07:30"
"575873","4586","2025-01-30 12:58:26","2","30","0","0","2025-01-30 21:07:29"
"575872","5304","2025-01-30 12:57:59","2","30","0","0","2025-01-30 21:07:29"
"575871","5222","2025-01-30 12:57:27","2","30","0","0","2025-01-30 21:07:28"
"575870","5215","2025-01-30 12:57:23","2","30","0","0","2025-01-30 21:07:27"
"575869","5221","2025-01-30 12:57:21","2","30","0","0","2025-01-30 21:07:26"
"575868","5218","2025-01-30 12:57:19","2","30","0","0","2025-01-30 21:07:26"
"575867","4742","2025-01-30 12:56:57","2","30","0","0","2025-01-30 21:07:25"
"575866","5224","2025-01-30 12:56:11","2","30","0","0","2025-01-30 21:07:24"
"575865","4657","2025-01-30 12:55:23","2","30","0","0","2025-01-30 21:07:23"
"575864","4680","2025-01-30 12:55:17","2","30","0","0","2025-01-30 21:07:23"
"575863","4667","2025-01-30 12:55:10","2","30","0","0","2025-01-30 21:07:22"
"575862","5166","2025-01-30 12:53:50","2","30","0","0","2025-01-30 21:07:20"
"575861","5210","2025-01-30 12:53:06","2","30","0","0","2025-01-30 21:07:20"
"575860","5088","2025-01-30 12:52:32","2","30","0","0","2025-01-30 21:07:19"
"575859","5125","2025-01-30 12:52:27","2","30","0","0","2025-01-30 21:07:18"
"575858","5273","2025-01-30 12:51:09","2","30","0","0","2025-01-30 21:07:17"
"575857","4996","2025-01-30 12:51:05","2","30","0","0","2025-01-30 21:07:17"
"575856","4677","2025-01-30 12:50:08","2","30","0","0","2025-01-30 21:07:16"
"575855","5040","2025-01-30 12:49:53","2","30","0","0","2025-01-30 21:07:15"
"575854","4692","2025-01-30 12:49:42","2","30","0","0","2025-01-30 21:07:14"
"575853","5204","2025-01-30 12:49:39","2","30","0","0","2025-01-30 21:07:13"
"575852","4522","2025-01-30 12:46:43","2","30","0","0","2025-01-30 21:07:13"
"575851","4766","2025-01-30 12:43:41","2","30","0","0","2025-01-30 21:07:11"
"575850","5078","2025-01-30 12:43:37","2","30","0","0","2025-01-30 21:07:10"
"575849","5077","2025-01-30 12:42:39","2","30","0","0","2025-01-30 21:07:10"
"575848","5261","2025-01-30 12:42:37","2","30","0","0","2025-01-30 21:07:09"
"575847","5205","2025-01-30 12:42:27","2","30","0","0","2025-01-30 21:07:08"
"575846","5021","2025-01-30 12:40:35","2","30","0","0","2025-01-30 21:07:07"
"575845","4638","2025-01-30 12:40:32","2","30","0","0","2025-01-30 21:07:07"
"575844","4640","2025-01-30 12:40:25","2","30","0","0","2025-01-30 21:07:06"
"575843","5104","2025-01-30 12:40:05","2","30","0","0","2025-01-30 21:07:05"
"575842","5293","2025-01-30 12:40:02","2","30","0","0","2025-01-30 21:07:04"
"575841","4974","2025-01-30 12:39:27","2","30","0","0","2025-01-30 21:07:04"
"575840","5026","2025-01-30 12:38:53","2","30","0","0","2025-01-30 21:07:03"
"575839","4843","2025-01-30 12:38:48","2","30","0","0","2025-01-30 21:07:02"
"575838","4874","2025-01-30 12:38:46","2","30","0","0","2025-01-30 21:07:01"
"575837","4955","2025-01-30 12:38:41","2","30","0","0","2025-01-30 21:07:00"
"575836","4537","2025-01-30 12:36:54","2","30","0","0","2025-01-30 21:07:00"
"575835","4953","2025-01-30 12:36:47","2","30","0","0","2025-01-30 21:06:59"
"575834","4926","2025-01-30 12:35:44","2","30","0","0","2025-01-30 21:06:57"
"575833","4869","2025-01-30 12:35:40","2","30","0","0","2025-01-30 21:06:56"
"575832","4970","2025-01-30 12:31:59","2","30","0","0","2025-01-30 21:06:54"
"575831","5271","2025-01-30 12:31:52","2","30","0","0","2025-01-30 21:06:54"
"575830","5117","2025-01-30 12:31:48","2","30","0","0","2025-01-30 21:06:53"
"575829","4793","2025-01-30 12:31:40","2","30","0","0","2025-01-30 21:06:52"
"575828","4817","2025-01-30 12:30:41","2","30","0","0","2025-01-30 21:06:50"
"575827","5049","2025-01-30 12:30:36","2","30","0","0","2025-01-30 21:06:49"
"575826","4729","2025-01-30 12:30:30","2","30","0","0","2025-01-30 21:06:48"
"575825","4857","2025-01-30 12:30:26","2","30","0","0","2025-01-30 21:06:48"
"575824","4601","2025-01-30 12:30:18","2","30","0","0","2025-01-30 21:06:46"
"575823","4881","2025-01-30 12:29:37","2","30","0","0","2025-01-30 21:06:45"
"575822","5268","2025-01-30 12:28:00","2","30","0","0","2025-01-30 21:06:45"
"575821","5072","2025-01-30 12:27:27","2","30","0","0","2025-01-30 21:06:42"
"575820","4735","2025-01-30 12:27:01","2","30","0","0","2025-01-30 21:06:42"
"575819","2673","2025-01-30 12:26:58","2","30","0","0","2025-01-30 21:06:41"
"575818","2674","2025-01-30 12:26:55","2","30","0","0","2025-01-30 21:06:40"
"575817","4711","2025-01-30 12:26:24","2","30","0","0","2025-01-30 21:06:39"
"575816","4597","2025-01-30 12:26:19","2","30","0","0","2025-01-30 21:06:38"
"575815","4451","2025-01-30 12:26:15","2","30","0","0","2025-01-30 21:06:38"
"575814","4721","2025-01-30 12:26:04","2","30","0","0","2025-01-30 21:06:37"
"575813","4598","2025-01-30 12:25:58","2","30","0","0","2025-01-30 21:06:36"
"575812","4728","2025-01-30 12:25:55","2","30","0","0","2025-01-30 21:06:35"
"575811","5061","2025-01-30 12:25:51","2","30","0","0","2025-01-30 21:06:34"
"575810","4737","2025-01-30 12:25:46","2","30","0","0","2025-01-30 21:06:34"
"575809","4981","2025-01-30 12:25:43","2","30","0","0","2025-01-30 21:06:33"
"575808","4701","2025-01-30 12:25:39","2","30","0","0","2025-01-30 21:06:32"
"575807","4722","2025-01-30 12:25:11","2","30","0","0","2025-01-30 21:06:31"
"575806","4546","2025-01-30 12:24:50","2","30","0","0","2025-01-30 21:06:31"
"575805","4547","2025-01-30 12:24:46","2","30","0","0","2025-01-30 21:06:30"
"575804","4508","2025-01-30 12:24:13","2","30","0","0","2025-01-30 21:06:29"
"575803","5090","2025-01-30 12:23:48","2","30","0","0","2025-01-30 21:06:28"
"575802","5251","2025-01-30 12:23:45","2","30","0","0","2025-01-30 21:06:27"
"575801","5250","2025-01-30 12:23:41","2","30","0","0","2025-01-30 21:06:27"
"575800","5092","2025-01-30 12:23:31","2","30","0","0","2025-01-30 21:06:26"
"575799","4641","2025-01-30 12:23:26","2","30","0","0","2025-01-30 21:06:25"
"575798","4760","2025-01-30 12:23:19","2","30","0","0","2025-01-30 21:06:24"
"575797","4890","2025-01-30 12:23:16","2","30","0","0","2025-01-30 21:06:24"
"575796","4847","2025-01-30 12:23:10","2","30","0","0","2025-01-30 21:06:23"
"575795","5289","2025-01-30 12:23:07","2","30","0","0","2025-01-30 21:06:22"
"575794","5299","2025-01-30 12:23:04","2","30","0","0","2025-01-30 21:06:21"
"575793","5176","2025-01-30 12:22:51","2","30","0","0","2025-01-30 21:06:20"
"575792","4632","2025-01-30 12:21:34","2","30","0","0","2025-01-30 21:06:19"
"575791","5282","2025-01-30 12:20:42","2","30","0","0","2025-01-30 21:06:19"
"575790","4490","2025-01-30 12:20:29","2","30","0","0","2025-01-30 21:06:18"
"575789","4904","2025-01-30 12:19:34","2","30","0","0","2025-01-30 21:06:17"
"575788","5156","2025-01-30 12:19:23","2","30","0","0","2025-01-30 21:06:16"
"575787","4580","2025-01-30 12:18:59","2","30","0","0","2025-01-30 21:06:15"
"575786","4731","2025-01-30 12:18:32","2","30","0","0","2025-01-30 21:06:15"
"575785","4810","2025-01-30 12:18:28","2","30","0","0","2025-01-30 21:06:14"
"575784","4609","2025-01-30 12:16:53","2","30","0","0","2025-01-30 21:06:12"
"575783","4605","2025-01-30 12:16:12","2","30","0","0","2025-01-30 21:06:11"
"575782","4790","2025-01-30 12:14:26","2","30","0","0","2025-01-30 21:06:08"
"575781","4689","2025-01-30 12:14:18","2","30","0","0","2025-01-30 21:06:07"
"575780","4664","2025-01-30 12:14:13","2","30","0","0","2025-01-30 21:06:06"
"575779","5277","2025-01-30 12:14:09","2","30","0","0","2025-01-30 21:06:06"
"575778","5260","2025-01-30 12:13:56","2","30","0","0","2025-01-30 21:06:03"
"575777","4631","2025-01-30 12:13:21","2","30","0","0","2025-01-30 21:06:03"
"575776","4509","2025-01-30 12:12:59","2","30","0","0","2025-01-30 21:06:02"
"575775","4450","2025-01-30 12:12:39","2","30","0","0","2025-01-30 21:05:59"
"575774","4647","2025-01-30 12:12:36","2","30","0","0","2025-01-30 21:05:59"
"575773","4859","2025-01-30 12:12:27","2","30","0","0","2025-01-30 21:05:58"
"575772","5023","2025-01-30 12:12:21","2","30","0","0","2025-01-30 21:05:57"
"575771","4907","2025-01-30 12:12:12","2","30","0","0","2025-01-30 21:05:56"
"575770","4917","2025-01-30 12:12:05","2","30","0","0","2025-01-30 21:05:56"
"575769","4574","2025-01-30 12:12:01","2","30","0","0","2025-01-30 21:05:55"
"575768","4584","2025-01-30 12:11:56","2","30","0","0","2025-01-30 21:05:54"
"575767","5280","2025-01-30 12:11:50","2","30","0","0","2025-01-30 21:05:53"
"575766","4455","2025-01-30 12:11:40","2","30","0","0","2025-01-30 21:05:52"
"575765","4456","2025-01-30 12:11:37","2","30","0","0","2025-01-30 21:05:51"
"575764","4532","2025-01-30 12:11:33","2","30","0","0","2025-01-30 21:05:50"
"575763","5119","2025-01-30 12:10:27","2","30","0","0","2025-01-30 21:05:50"
"575762","4485","2025-01-30 12:10:04","2","30","0","0","2025-01-30 21:05:49"
"575761","5133","2025-01-30 12:09:54","2","30","0","0","2025-01-30 21:05:48"
"575760","4457","2025-01-30 12:09:51","2","30","0","0","2025-01-30 21:05:47"
"575759","5183","2025-01-30 12:09:17","2","30","0","0","2025-01-30 21:05:47"
"575758","4539","2025-01-30 12:09:12","2","30","0","0","2025-01-30 21:05:46"
"575757","4872","2025-01-30 12:09:02","2","30","0","0","2025-01-30 21:05:45"
"575756","4752","2025-01-30 12:08:57","2","30","0","0","2025-01-30 21:05:44"
"575755","4809","2025-01-30 12:08:54","2","30","0","0","2025-01-30 21:05:44"
"575754","5002","2025-01-30 12:08:34","2","30","0","0","2025-01-30 21:05:43"
"575753","4569","2025-01-30 12:08:09","2","30","0","0","2025-01-30 21:05:42"
"575752","4489","2025-01-30 12:06:23","2","30","0","0","2025-01-30 21:05:40"
"575751","5093","2025-01-30 12:06:19","2","30","0","0","2025-01-30 21:05:40"
"575750","5191","2025-01-30 12:06:10","2","30","0","0","2025-01-30 21:05:39"
"575749","4794","2025-01-30 12:05:55","2","30","0","0","2025-01-30 21:05:38"
"575748","4799","2025-01-30 12:05:44","2","30","0","0","2025-01-30 21:05:37"
"575747","5264","2025-01-30 12:05:38","2","30","0","0","2025-01-30 21:05:37"
"575746","4710","2025-01-30 12:05:35","2","30","0","0","2025-01-30 21:05:36"
"575745","4812","2025-01-30 12:05:27","2","30","0","0","2025-01-30 21:05:35"
"575744","4724","2025-01-30 12:04:47","2","30","0","0","2025-01-30 21:05:34"
"575743","5262","2025-01-30 12:04:39","2","30","0","0","2025-01-30 21:05:34"
"575742","4808","2025-01-30 12:04:32","2","30","0","0","2025-01-30 21:05:33"
"575741","4634","2025-01-30 12:03:20","2","30","0","0","2025-01-30 21:05:32"
"575740","4553","2025-01-30 12:03:14","2","30","0","0","2025-01-30 21:05:31"
"575739","4592","2025-01-30 12:03:10","2","30","0","0","2025-01-30 21:05:31"
"575738","4449","2025-01-30 12:01:21","2","30","0","0","2025-01-30 21:05:30"
"575737","4543","2025-01-30 12:01:01","2","30","0","0","2025-01-30 21:05:29"
"575736","5287","2025-01-30 12:00:55","2","30","0","0","2025-01-30 21:05:28"
"575735","5158","2025-01-30 12:00:19","2","30","0","0","2025-01-30 21:05:27"
"575734","5309","2025-01-30 11:59:17","2","30","0","0","2025-01-30 21:05:26"
"575733","4751","2025-01-30 11:59:01","2","30","0","0","2025-01-30 21:05:25"
"575732","4709","2025-01-30 11:58:56","2","30","0","0","2025-01-30 21:05:24"
"575731","4916","2025-01-30 11:58:47","2","30","0","0","2025-01-30 21:05:24"
"575730","4564","2025-01-30 11:58:44","2","30","0","0","2025-01-30 21:05:23"
"575729","5085","2025-01-30 11:58:37","2","30","0","0","2025-01-30 21:05:22"
"575728","4665","2025-01-30 11:58:23","2","30","0","0","2025-01-30 21:05:21"
"575727","5249","2025-01-30 11:58:05","2","30","0","0","2025-01-30 21:05:21"
"575726","5197","2025-01-30 11:57:16","2","30","0","0","2025-01-30 21:05:20"
"575725","4567","2025-01-30 11:57:08","2","30","0","0","2025-01-30 21:05:19"
"575724","4565","2025-01-30 11:57:04","2","30","0","0","2025-01-30 21:05:18"
"575723","4602","2025-01-30 11:57:00","2","30","0","0","2025-01-30 21:05:18"
"575722","4588","2025-01-30 11:56:53","2","30","0","0","2025-01-30 21:05:17"
"575721","4976","2025-01-30 11:56:40","2","30","0","0","2025-01-30 21:05:16"
"575720","4848","2025-01-30 11:56:35","2","30","0","0","2025-01-30 21:05:15"
"575719","4521","2025-01-30 11:56:28","2","30","0","0","2025-01-30 21:05:14"
"575718","4496","2025-01-30 11:56:23","2","30","0","0","2025-01-30 21:05:14"
"575717","4608","2025-01-30 11:56:18","2","30","0","0","2025-01-30 21:05:13"
"575716","4971","2025-01-30 11:56:09","2","30","0","0","2025-01-30 21:05:12"
"575715","5113","2025-01-30 11:56:00","2","30","0","0","2025-01-30 21:05:11"
"575714","4504","2025-01-30 11:55:47","2","30","0","0","2025-01-30 21:05:08"
"575713","4477","2025-01-30 11:55:37","2","30","0","0","2025-01-30 21:05:06"
"575712","4807","2025-01-30 11:55:22","2","30","0","0","2025-01-30 21:05:05"
"575711","4447","2025-01-30 11:55:14","2","30","0","0","2025-01-30 21:05:04"
"575710","4786","2025-01-30 11:55:06","2","30","0","0","2025-01-30 21:05:02"
"575709","4458","2025-01-30 11:54:30","2","30","0","0","2025-01-30 21:05:02"
"575708","4706","2025-01-30 11:54:15","2","30","0","0","2025-01-30 21:05:01"
"575707","4739","2025-01-30 11:54:08","2","30","0","0","2025-01-30 21:05:00"
"575706","4965","2025-01-30 11:53:46","2","30","0","0","2025-01-30 21:04:59"
"575705","5283","2025-01-30 11:53:43","2","30","0","0","2025-01-30 21:04:58"
"575704","4561","2025-01-30 11:52:19","2","30","0","0","2025-01-30 21:04:58"
"575703","4781","2025-01-30 11:51:25","2","30","0","0","2025-01-30 21:04:57"
"575702","4773","2025-01-30 11:51:21","2","30","0","0","2025-01-30 21:04:56"
"575701","4832","2025-01-30 11:51:18","2","30","0","0","2025-01-30 21:04:55"
"575700","5115","2025-01-30 11:51:09","2","30","0","0","2025-01-30 21:04:55"
"575699","4482","2025-01-30 11:50:39","2","30","0","0","2025-01-30 21:04:52"
"575698","4603","2025-01-30 11:50:30","2","30","0","0","2025-01-30 21:04:52"
"575697","4740","2025-01-30 11:49:54","2","30","0","0","2025-01-30 21:04:51"
"575696","4610","2025-01-30 11:47:45","2","30","0","0","2025-01-30 21:04:50"
"575695","4726","2025-01-30 11:46:14","2","30","0","0","2025-01-30 21:04:49"
"575694","4958","2025-01-30 11:46:00","2","30","0","0","2025-01-30 21:04:49"
"575693","5086","2025-01-30 11:45:56","2","30","0","0","2025-01-30 21:04:48"
"575692","5196","2025-01-30 11:45:51","2","30","0","0","2025-01-30 21:04:47"
"575691","5009","2025-01-30 11:45:47","2","30","0","0","2025-01-30 21:04:47"
"575690","4792","2025-01-30 11:45:43","2","30","0","0","2025-01-30 21:04:46"
"575689","4932","2025-01-30 11:44:13","2","30","0","0","2025-01-30 21:04:44"
"575688","4930","2025-01-30 11:44:07","2","30","0","0","2025-01-30 21:04:44"
"575687","4720","2025-01-30 11:43:58","2","30","0","0","2025-01-30 21:04:43"
"575686","4776","2025-01-30 11:43:53","2","30","0","0","2025-01-30 21:04:42"
"575685","5162","2025-01-30 11:43:49","2","30","0","0","2025-01-30 21:04:41"
"575684","4774","2025-01-30 11:43:46","2","30","0","0","2025-01-30 21:04:41"
"575683","4593","2025-01-30 11:42:30","2","30","0","0","2025-01-30 21:04:40"
"575682","4819","2025-01-30 11:42:26","2","30","0","0","2025-01-30 21:04:39"
"575681","4497","2025-01-30 11:42:22","2","30","0","0","2025-01-30 21:04:38"
"575680","4933","2025-01-30 11:41:54","2","30","0","0","2025-01-30 21:04:37"
"575679","5105","2025-01-30 11:41:46","2","30","0","0","2025-01-30 21:04:36"
"575678","5165","2025-01-30 11:41:21","2","30","0","0","2025-01-30 21:04:36"
"575677","4750","2025-01-30 11:41:15","2","30","0","0","2025-01-30 21:04:35"
"575676","5228","2025-01-30 11:41:11","2","30","0","0","2025-01-30 21:04:34"
"575675","4826","2025-01-30 11:40:13","2","30","0","0","2025-01-30 21:04:33"
"575674","4804","2025-01-30 11:40:11","2","30","0","0","2025-01-30 21:04:32"
"575673","4889","2025-01-30 11:40:08","2","30","0","0","2025-01-30 21:04:32"
"575672","4913","2025-01-30 11:40:01","2","30","0","0","2025-01-30 21:04:31"
"575671","4780","2025-01-30 11:39:21","2","30","0","0","2025-01-30 21:04:29"
"575670","5053","2025-01-30 11:37:32","2","30","0","0","2025-01-30 21:04:29"
"575669","4861","2025-01-30 11:37:17","2","30","0","0","2025-01-30 21:04:28"
"575668","4967","2025-01-30 11:37:14","2","30","0","0","2025-01-30 21:04:27"
"575667","5214","2025-01-30 11:36:57","2","30","0","0","2025-01-30 21:04:26"
"575666","5234","2025-01-30 11:36:55","2","30","0","0","2025-01-30 21:04:25"
"575665","4759","2025-01-30 11:36:36","2","30","0","0","2025-01-30 21:04:25"
"575664","4758","2025-01-30 11:36:29","2","30","0","0","2025-01-30 21:04:24"
"575663","4743","2025-01-30 11:36:11","2","30","0","0","2025-01-30 21:04:23"
"575662","4448","2025-01-30 11:36:03","2","30","0","0","2025-01-30 21:04:22"
"575661","4675","2025-01-30 11:36:00","2","30","0","0","2025-01-30 21:04:22"
"575660","4805","2025-01-30 11:35:55","2","30","0","0","2025-01-30 21:04:21"
"575659","4798","2025-01-30 11:35:49","2","30","0","0","2025-01-30 21:04:20"
"575658","4777","2025-01-30 11:35:46","2","30","0","0","2025-01-30 21:04:19"
"575657","4748","2025-01-30 11:35:28","2","30","0","0","2025-01-30 21:04:19"
"575656","4787","2025-01-30 11:35:03","2","30","0","0","2025-01-30 21:04:18"
"575655","4635","2025-01-30 11:34:34","2","30","0","0","2025-01-30 21:04:17"
"575654","4465","2025-01-30 11:34:31","2","30","0","0","2025-01-30 21:04:16"
"575653","5242","2025-01-30 11:34:26","2","30","0","0","2025-01-30 21:04:15"
"575652","5102","2025-01-30 11:34:22","2","30","0","0","2025-01-30 21:04:15"
"575651","4644","2025-01-30 11:34:12","2","30","0","0","2025-01-30 21:04:14"
"575650","5145","2025-01-30 11:34:07","2","30","0","0","2025-01-30 21:04:13"
"575649","4500","2025-01-30 11:34:03","2","30","0","0","2025-01-30 21:04:13"
"575648","4499","2025-01-30 11:33:59","2","30","0","0","2025-01-30 21:04:12"
"575647","4921","2025-01-30 11:33:55","2","30","0","0","2025-01-30 21:04:11"
"575646","4880","2025-01-30 11:33:52","2","30","0","0","2025-01-30 21:04:10"
"575645","4920","2025-01-30 11:33:42","2","30","0","0","2025-01-30 21:04:10"
"575644","4855","2025-01-30 11:33:39","2","30","0","0","2025-01-30 21:04:09"
"575643","4464","2025-01-30 11:32:52","2","30","0","0","2025-01-30 21:04:08"
"575642","4618","2025-01-30 11:32:22","2","30","0","0","2025-01-30 21:04:07"
"575641","5279","2025-01-30 11:32:03","2","30","0","0","2025-01-30 21:04:07"
"575640","4966","2025-01-30 11:30:51","2","30","0","0","2025-01-30 21:04:06"
"575639","4877","2025-01-30 11:30:48","2","30","0","0","2025-01-30 21:04:05"
"575638","5091","2025-01-30 11:30:20","2","30","0","0","2025-01-30 21:04:04"
"575637","4467","2025-01-30 11:29:16","2","30","0","0","2025-01-30 21:04:04"
"575636","4891","2025-01-30 11:29:00","2","30","0","0","2025-01-30 21:04:03"
"575635","4725","2025-01-30 11:28:57","2","30","0","0","2025-01-30 21:04:02"
"575634","5031","2025-01-30 11:27:19","2","30","0","0","2025-01-30 21:04:01"
"575633","4659","2025-01-30 11:25:44","2","30","0","0","2025-01-30 21:04:00"
"575632","4549","2025-01-30 11:25:07","2","30","0","0","2025-01-30 21:03:59"
"575631","4516","2025-01-30 11:25:01","2","30","0","0","2025-01-30 21:03:58"
"575630","4491","2025-01-30 11:24:10","2","30","0","0","2025-01-30 21:03:58"
"575629","4493","2025-01-30 11:24:07","2","30","0","0","2025-01-30 21:03:57"
"575628","5047","2025-01-30 11:23:36","2","30","0","0","2025-01-30 21:03:56"
"575627","4765","2025-01-30 11:23:33","2","30","0","0","2025-01-30 21:03:55"
"575626","4466","2025-01-30 11:23:14","2","30","0","0","2025-01-30 21:03:54"
"575625","5266","2025-01-30 11:22:31","2","30","0","0","2025-01-30 21:03:53"
"575624","4444","2025-01-30 11:19:51","2","30","0","0","2025-01-30 21:03:51"
"575623","4483","2025-01-30 11:19:11","2","30","0","0","2025-01-30 21:03:49"
"575622","4481","2025-01-30 11:18:26","2","30","0","0","2025-01-30 21:03:49"
"575621","5202","2025-01-30 11:18:23","2","30","0","0","2025-01-30 21:03:48"
"575620","4480","2025-01-30 11:18:14","2","30","0","0","2025-01-30 21:03:47"
"575619","5212","2025-01-30 11:17:48","2","30","0","0","2025-01-30 21:03:46"
"575618","5232","2025-01-30 11:17:23","2","30","0","0","2025-01-30 21:03:46"
"575617","5235","2025-01-30 11:17:19","2","30","0","0","2025-01-30 21:03:45"
"575616","4902","2025-01-30 11:16:46","2","30","0","0","2025-01-30 21:03:44"
"575615","4579","2025-01-30 11:15:39","2","30","0","0","2025-01-30 21:03:43"
"575614","4551","2025-01-30 11:14:58","2","30","0","0","2025-01-30 21:03:43"
"575613","4560","2025-01-30 11:14:02","2","30","0","0","2025-01-30 21:03:42"
"575612","4562","2025-01-30 11:13:56","2","30","0","0","2025-01-30 21:03:41"
"575611","305","2025-01-30 11:11:51","2","30","0","0","2025-01-30 21:03:40"
"575610","4589","2025-01-30 11:11:36","2","30","0","0","2025-01-30 21:03:38"
"575609","5230","2025-01-30 11:10:57","2","30","0","0","2025-01-30 21:03:36"
"575608","4950","2025-01-30 11:10:46","2","30","0","0","2025-01-30 21:03:35"
"575607","4540","2025-01-30 11:09:07","2","30","0","0","2025-01-30 21:03:35"
"575606","4707","2025-01-30 11:08:45","2","30","0","0","2025-01-30 21:03:34"
"575605","4577","2025-01-30 11:06:29","2","30","0","0","2025-01-30 21:03:33"
"575604","4533","2025-01-30 11:05:41","2","30","0","0","2025-01-30 21:03:32"
"575603","4845","2025-01-30 11:04:25","2","30","0","0","2025-01-30 21:03:32"
"575602","5017","2025-01-30 11:03:58","2","30","0","0","2025-01-30 21:03:31"
"575601","4514","2025-01-30 11:01:31","2","30","0","0","2025-01-30 21:03:30"
"575600","4531","2025-01-30 10:59:09","2","30","0","0","2025-01-30 21:03:29"
"575599","5185","2025-01-30 10:58:40","2","30","0","0","2025-01-30 21:03:28"
"575598","4978","2025-01-30 10:58:27","2","30","0","0","2025-01-30 21:03:28"
"575597","4576","2025-01-30 10:58:10","2","30","0","0","2025-01-30 21:03:27"
"575596","4575","2025-01-30 10:58:04","2","30","0","0","2025-01-30 21:03:26"
"575595","4515","2025-01-30 10:56:17","2","30","0","0","2025-01-30 21:03:25"
"575594","4511","2025-01-30 10:56:09","2","30","0","0","2025-01-30 21:03:25"
"575593","4512","2025-01-30 10:56:05","2","30","0","0","2025-01-30 21:03:24"
"575592","4730","2025-01-30 10:55:52","2","30","0","0","2025-01-30 21:03:23"
"575591","4957","2025-01-30 10:55:43","2","30","0","0","2025-01-30 21:03:22"
"575590","5109","2025-01-30 10:55:40","2","30","0","0","2025-01-30 21:03:22"
"575589","5178","2025-01-30 10:55:37","2","30","0","0","2025-01-30 21:03:21"
"575588","4513","2025-01-30 10:55:33","2","30","0","0","2025-01-30 21:03:20"
"575587","4830","2025-01-30 10:55:01","2","30","0","0","2025-01-30 21:03:19"
"575586","5217","2025-01-30 10:52:23","2","30","0","0","2025-01-30 21:03:17"
"575585","5107","2025-01-30 10:52:14","2","30","0","0","2025-01-30 21:03:17"
"575584","4944","2025-01-30 10:51:48","2","30","0","0","2025-01-30 21:03:16"
"575583","4884","2025-01-30 10:49:14","2","30","0","0","2025-01-30 21:03:15"
"575582","5253","2025-01-30 10:48:38","2","30","0","0","2025-01-30 21:03:14"
"575581","4471","2025-01-30 10:47:06","2","30","0","0","2025-01-30 21:03:14"
"575580","4831","2025-01-30 10:47:02","2","30","0","0","2025-01-30 21:03:13"
"575579","4865","2025-01-30 10:46:54","2","30","0","0","2025-01-30 21:03:12"
"575578","4882","2025-01-30 10:46:50","2","30","0","0","2025-01-30 21:03:12"
"575577","5112","2025-01-30 10:46:46","2","30","0","0","2025-01-30 21:03:10"
"575576","4476","2025-01-30 10:46:32","2","30","0","0","2025-01-30 21:03:10"
"575575","4538","2025-01-30 10:43:47","2","30","0","0","2025-01-30 21:03:08"
"575574","4870","2025-01-30 10:40:22","2","30","0","0","2025-01-30 21:03:06"
"575573","4446","2025-01-30 10:39:57","2","30","0","0","2025-01-30 21:03:06"
"575572","4459","2025-01-30 10:39:54","2","30","0","0","2025-01-30 21:03:05"
"575571","4463","2025-01-30 10:39:41","2","30","0","0","2025-01-30 21:03:04"
"575570","4520","2025-01-30 10:39:35","2","30","0","0","2025-01-30 21:03:03"
"575569","4951","2025-01-30 10:39:10","2","30","0","0","2025-01-30 21:03:03"
"575568","4691","2025-01-30 10:39:07","2","30","0","0","2025-01-30 21:03:02"
"575567","4779","2025-01-30 10:38:48","2","30","0","0","2025-01-30 21:03:01"
"575566","5084","2025-01-30 10:38:44","2","30","0","0","2025-01-30 21:03:00"
"575565","4816","2025-01-30 10:38:36","2","30","0","0","2025-01-30 21:03:00"
"575564","5083","2025-01-30 10:38:32","2","30","0","0","2025-01-30 21:02:59"
"575563","5155","2025-01-30 10:38:27","2","30","0","0","2025-01-30 21:02:58"
"575562","4548","2025-01-30 10:37:47","2","30","0","0","2025-01-30 21:02:57"
"575561","4518","2025-01-30 10:37:42","2","30","0","0","2025-01-30 21:02:57"
"575560","4519","2025-01-30 10:37:38","2","30","0","0","2025-01-30 21:02:56"
"575559","4517","2025-01-30 10:37:37","2","30","0","0","2025-01-30 21:02:55"
"575558","4661","2025-01-30 10:36:34","2","30","0","0","2025-01-30 21:02:54"
"575557","4645","2025-01-30 10:36:30","2","30","0","0","2025-01-30 21:02:53"
"575556","4660","2025-01-30 10:34:26","2","30","0","0","2025-01-30 21:02:53"
"575555","4651","2025-01-30 10:34:21","2","30","0","0","2025-01-30 21:02:52"
"575554","4655","2025-01-30 10:31:10","2","30","0","0","2025-01-30 21:02:51"
"575553","4662","2025-01-30 10:30:45","2","30","0","0","2025-01-30 21:02:50"
"575552","4672","2025-01-30 10:30:34","2","30","0","0","2025-01-30 21:02:49"
"575551","4639","2025-01-30 10:30:29","2","30","0","0","2025-01-30 21:02:49"
"575550","5187","2025-01-30 10:29:57","2","30","0","0","2025-01-30 21:02:48"
"575549","4954","2025-01-30 10:27:24","2","30","0","0","2025-01-30 21:02:47"
"575548","4700","2025-01-30 10:27:19","2","30","0","0","2025-01-30 21:02:46"
"575547","4627","2025-01-30 10:20:46","2","30","0","0","2025-01-30 21:02:45"
"575546","5208","2025-01-30 10:20:10","2","30","0","0","2025-01-30 21:02:44"
"575545","4908","2025-01-30 10:19:29","2","30","0","0","2025-01-30 21:02:44"
"575544","4927","2025-01-30 10:19:02","2","30","0","0","2025-01-30 21:02:43"
"575543","4906","2025-01-30 10:18:57","2","30","0","0","2025-01-30 21:02:42"
"575542","4911","2025-01-30 10:18:52","2","30","0","0","2025-01-30 21:02:41"
"575541","5050","2025-01-30 10:17:44","2","30","0","0","2025-01-30 21:02:41"
"575540","5288","2025-01-30 10:17:40","2","30","0","0","2025-01-30 21:02:40"
"575539","4949","2025-01-30 10:17:30","2","30","0","0","2025-01-30 21:02:39"
"575538","4923","2025-01-30 10:14:54","2","30","0","0","2025-01-30 21:02:38"
"575537","4755","2025-01-30 10:14:51","2","30","0","0","2025-01-30 21:02:38"
"575536","4678","2025-01-30 10:14:42","2","30","0","0","2025-01-30 21:02:37"
"575535","4979","2025-01-30 10:14:24","2","30","0","0","2025-01-30 21:02:36"
"575534","5097","2025-01-30 10:12:54","2","30","0","0","2025-01-30 21:02:35"
"575533","4614","2025-01-30 10:12:35","2","30","0","0","2025-01-30 21:02:35"
"575532","5284","2025-01-30 10:10:12","2","30","0","0","2025-01-30 21:02:34"
"575531","4834","2025-01-30 10:10:07","2","30","0","0","2025-01-30 21:02:33"
"575530","4968","2025-01-30 10:10:02","2","30","0","0","2025-01-30 21:02:32"
"575529","4892","2025-01-30 10:09:57","2","30","0","0","2025-01-30 21:02:32"
"575528","4630","2025-01-30 10:09:53","2","30","0","0","2025-01-30 21:02:31"
"575527","5052","2025-01-30 10:09:32","2","30","0","0","2025-01-30 21:02:30"
"575526","4526","2025-01-30 10:09:28","2","30","0","0","2025-01-30 21:02:29"
"575525","4670","2025-01-30 10:09:23","2","30","0","0","2025-01-30 21:02:29"
"575524","4995","2025-01-30 10:09:15","2","30","0","0","2025-01-30 21:02:28"
"575523","4636","2025-01-30 10:09:11","2","30","0","0","2025-01-30 21:02:27"
"575522","4617","2025-01-30 10:09:06","2","30","0","0","2025-01-30 21:02:26"
"575521","4486","2025-01-30 10:08:17","2","30","0","0","2025-01-30 21:02:25"
"575520","4619","2025-01-30 10:08:06","2","30","0","0","2025-01-30 21:02:24"
"575519","5166","2025-01-30 08:01:57","1","30","0","0","2025-01-30 21:02:17"
"575518","5230","2025-01-30 08:01:21","1","30","0","0","2025-01-30 21:02:16"
"575517","4722","2025-01-30 08:01:07","1","30","0","0","2025-01-30 21:02:15"
"575516","5026","2025-01-30 07:58:42","1","30","0","0","2025-01-30 21:02:14"
"575515","5185","2025-01-30 07:58:16","1","30","0","0","2025-01-30 21:02:13"
"575514","5212","2025-01-30 07:57:58","1","30","0","0","2025-01-30 21:02:12"
"575513","4921","2025-01-30 07:57:44","1","30","0","0","2025-01-30 21:02:11"
"575512","4931","2025-01-30 07:57:37","1","30","0","0","2025-01-30 21:02:11"
"575511","4512","2025-01-30 07:57:34","1","30","0","0","2025-01-30 21:02:10"
"575510","4515","2025-01-30 07:57:26","1","30","0","0","2025-01-30 21:02:09"
"575509","5040","2025-01-30 07:57:23","1","30","0","0","2025-01-30 21:02:08"
"575508","5204","2025-01-30 07:57:20","1","30","0","0","2025-01-30 21:02:08"
"575507","5260","2025-01-30 07:57:08","1","30","0","0","2025-01-30 21:02:07"
"575506","4562","2025-01-30 07:56:34","1","30","0","0","2025-01-30 21:02:06"
"575505","4560","2025-01-30 07:56:30","1","30","0","0","2025-01-30 21:02:05"
"575504","4561","2025-01-30 07:56:27","1","30","0","0","2025-01-30 21:02:05"
"575503","4990","2025-01-30 07:55:52","1","30","0","0","2025-01-30 21:02:04"
"575502","4805","2025-01-30 07:55:47","1","30","0","0","2025-01-30 21:02:03"
"575501","4798","2025-01-30 07:55:40","1","30","0","0","2025-01-30 21:02:02"
"575500","4777","2025-01-30 07:55:39","1","30","0","0","2025-01-30 21:02:01"
"575499","4463","2025-01-30 07:55:30","1","30","0","0","2025-01-30 21:02:01"
"575498","4956","2025-01-30 07:55:24","1","30","0","0","2025-01-30 21:02:00"
"575497","4951","2025-01-30 07:55:13","1","30","0","0","2025-01-30 21:01:59"
"575496","4965","2025-01-30 07:55:08","1","30","0","0","2025-01-30 21:01:58"
"575495","4945","2025-01-30 07:55:03","1","30","0","0","2025-01-30 21:01:57"
"575494","4729","2025-01-30 07:55:00","1","30","0","0","2025-01-30 21:01:57"
"575493","4659","2025-01-30 07:54:51","1","30","0","0","2025-01-30 21:01:56"
"575492","4947","2025-01-30 07:54:47","1","30","0","0","2025-01-30 21:01:55"
"575491","4830","2025-01-30 07:54:43","1","30","0","0","2025-01-30 21:01:54"
"575490","4656","2025-01-30 07:54:38","1","30","0","0","2025-01-30 21:01:53"
"575489","4654","2025-01-30 07:54:34","1","30","0","0","2025-01-30 21:01:52"
"575488","4848","2025-01-30 07:54:25","1","30","0","0","2025-01-30 21:01:52"
"575487","5219","2025-01-30 07:54:21","1","30","0","0","2025-01-30 21:01:51"
"575486","5200","2025-01-30 07:54:18","1","30","0","0","2025-01-30 21:01:50"
"575485","5201","2025-01-30 07:54:15","1","30","0","0","2025-01-30 21:01:50"
"575484","5309","2025-01-30 07:54:12","1","30","0","0","2025-01-30 21:01:49"
"575483","5221","2025-01-30 07:53:40","1","30","0","0","2025-01-30 21:01:48"
"575482","4648","2025-01-30 07:53:33","1","30","0","0","2025-01-30 21:01:46"
"575481","4917","2025-01-30 07:53:08","1","30","0","0","2025-01-30 21:01:46"
"575480","5306","2025-01-30 07:52:33","1","30","0","0","2025-01-30 21:01:45"
"575479","4923","2025-01-30 07:52:25","1","30","0","0","2025-01-30 21:01:44"
"575478","5250","2025-01-30 07:52:07","1","30","0","0","2025-01-30 21:01:43"
"575477","5092","2025-01-30 07:52:03","1","30","0","0","2025-01-30 21:01:43"
"575476","5277","2025-01-30 07:51:57","1","30","0","0","2025-01-30 21:01:42"
"575475","5287","2025-01-30 07:51:49","1","30","0","0","2025-01-30 21:01:40"
"575474","4881","2025-01-30 07:51:41","1","30","0","0","2025-01-30 21:01:39"
"575473","4809","2025-01-30 07:51:34","1","30","0","0","2025-01-30 21:01:38"
"575472","5210","2025-01-30 07:51:28","1","30","0","0","2025-01-30 21:01:37"
"575471","4970","2025-01-30 07:50:57","1","30","0","0","2025-01-30 21:01:36"
"575470","5003","2025-01-30 07:50:54","1","30","0","0","2025-01-30 21:01:35"
"575469","5047","2025-01-30 07:50:34","1","30","0","0","2025-01-30 21:01:35"
"575468","4726","2025-01-30 07:50:21","1","30","0","0","2025-01-30 21:01:34"
"575467","4957","2025-01-30 07:50:13","1","30","0","0","2025-01-30 21:01:33"
"575466","5078","2025-01-30 07:50:10","1","30","0","0","2025-01-30 21:01:32"
"575465","5053","2025-01-30 07:50:03","1","30","0","0","2025-01-30 21:01:31"
"575464","5205","2025-01-30 07:50:00","1","30","0","0","2025-01-30 21:01:31"
"575463","4568","2025-01-30 07:49:56","1","30","0","0","2025-01-30 21:01:30"
"575462","4976","2025-01-30 07:49:27","1","30","0","0","2025-01-30 21:01:29"
"575461","5215","2025-01-30 07:49:15","1","30","0","0","2025-01-30 21:01:29"
"575460","5176","2025-01-30 07:49:01","1","30","0","0","2025-01-30 21:01:27"
"575459","4508","2025-01-30 07:48:57","1","30","0","0","2025-01-30 21:01:26"
"575458","4496","2025-01-30 07:48:52","1","30","0","0","2025-01-30 21:01:25"
"575457","2673","2025-01-30 07:48:47","1","30","0","0","2025-01-30 21:01:25"
"575456","4810","2025-01-30 07:48:34","1","30","0","0","2025-01-30 21:01:22"
"575455","5133","2025-01-30 07:47:40","1","30","0","0","2025-01-30 21:01:22"
"575454","5224","2025-01-30 07:47:32","1","30","0","0","2025-01-30 21:01:21"
"575453","5165","2025-01-30 07:47:26","1","30","0","0","2025-01-30 21:01:20"
"575452","4930","2025-01-30 07:47:19","1","30","0","0","2025-01-30 21:01:20"
"575451","4926","2025-01-30 07:47:10","1","30","0","0","2025-01-30 21:01:19"
"575450","5109","2025-01-30 07:47:05","1","30","0","0","2025-01-30 21:01:18"
"575449","5021","2025-01-30 07:46:56","1","30","0","0","2025-01-30 21:01:17"
"575448","4797","2025-01-30 07:46:48","1","30","0","0","2025-01-30 21:01:17"
"575447","4869","2025-01-30 07:46:40","1","30","0","0","2025-01-30 21:01:16"
"575446","5110","2025-01-30 07:46:36","1","30","0","0","2025-01-30 21:01:15"
"575445","5178","2025-01-30 07:46:30","1","30","0","0","2025-01-30 21:01:14"
"575444","5069","2025-01-30 07:46:26","1","30","0","0","2025-01-30 21:01:14"
"575443","4949","2025-01-30 07:46:19","1","30","0","0","2025-01-30 21:01:13"
"575442","4854","2025-01-30 07:46:14","1","30","0","0","2025-01-30 21:01:12"
"575441","5036","2025-01-30 07:46:10","1","30","0","0","2025-01-30 21:01:11"
"575440","4693","2025-01-30 07:46:05","1","30","0","0","2025-01-30 21:01:11"
"575439","4831","2025-01-30 07:45:54","1","30","0","0","2025-01-30 21:01:10"
"575438","5112","2025-01-30 07:45:48","1","30","0","0","2025-01-30 21:01:09"
"575437","4865","2025-01-30 07:45:40","1","30","0","0","2025-01-30 21:01:08"
"575436","4638","2025-01-30 07:45:32","1","30","0","0","2025-01-30 21:01:08"
"575435","4748","2025-01-30 07:44:02","1","30","0","0","2025-01-30 21:01:05"
"575434","4483","2025-01-30 07:43:48","1","30","0","0","2025-01-30 21:01:05"
"575433","4766","2025-01-30 07:43:41","1","30","0","0","2025-01-30 21:01:04"
"575432","5050","2025-01-30 07:43:33","1","30","0","0","2025-01-30 21:01:03"
"575431","5162","2025-01-30 07:43:28","1","30","0","0","2025-01-30 21:01:02"
"575430","4859","2025-01-30 07:43:24","1","30","0","0","2025-01-30 21:01:01"
"575429","4640","2025-01-30 07:43:16","1","30","0","0","2025-01-30 21:01:00"
"575428","4661","2025-01-30 07:43:12","1","30","0","0","2025-01-30 21:01:00"
"575427","4639","2025-01-30 07:43:05","1","30","0","0","2025-01-30 21:00:59"
"575426","4707","2025-01-30 07:43:01","1","30","0","0","2025-01-30 21:00:58"
"575425","4871","2025-01-30 07:42:50","1","30","0","0","2025-01-30 21:00:58"
"575424","4971","2025-01-30 07:42:44","1","30","0","0","2025-01-30 21:00:57"
"575423","4566","2025-01-30 07:42:41","1","30","0","0","2025-01-30 21:00:56"
"575422","4565","2025-01-30 07:42:37","1","30","0","0","2025-01-30 21:00:55"
"575421","4567","2025-01-30 07:42:34","1","30","0","0","2025-01-30 21:00:55"
"575420","4481","2025-01-30 07:42:16","1","30","0","0","2025-01-30 21:00:54"
"575419","5077","2025-01-30 07:42:05","1","30","0","0","2025-01-30 21:00:53"
"575418","5261","2025-01-30 07:42:00","1","30","0","0","2025-01-30 21:00:52"
"575417","4913","2025-01-30 07:41:54","1","30","0","0","2025-01-30 21:00:52"
"575416","4735","2025-01-30 07:41:42","1","30","0","0","2025-01-30 21:00:51"
"575415","5113","2025-01-30 07:41:36","1","30","0","0","2025-01-30 21:00:50"
"575414","4701","2025-01-30 07:41:25","1","30","0","0","2025-01-30 21:00:48"
"575413","4691","2025-01-30 07:41:19","1","30","0","0","2025-01-30 21:00:48"
"575412","4618","2025-01-30 07:41:16","1","30","0","0","2025-01-30 21:00:47"
"575411","4579","2025-01-30 07:41:09","1","30","0","0","2025-01-30 21:00:46"
"575410","4574","2025-01-30 07:41:00","1","30","0","0","2025-01-30 21:00:45"
"575409","4731","2025-01-30 07:40:57","1","30","0","0","2025-01-30 21:00:45"
"575408","5296","2025-01-30 07:40:50","1","30","0","0","2025-01-30 21:00:44"
"575407","4516","2025-01-30 07:40:39","1","30","0","0","2025-01-30 21:00:43"
"575406","4581","2025-01-30 07:40:34","1","30","0","0","2025-01-30 21:00:42"
"575405","4465","2025-01-30 07:40:24","1","30","0","0","2025-01-30 21:00:41"
"575404","4724","2025-01-30 07:40:17","1","30","0","0","2025-01-30 21:00:41"
"575403","4779","2025-01-30 07:40:14","1","30","0","0","2025-01-30 21:00:40"
"575402","5072","2025-01-30 07:40:08","1","30","0","0","2025-01-30 21:00:39"
"575401","5262","2025-01-30 07:39:58","1","30","0","0","2025-01-30 21:00:38"
"575400","5049","2025-01-30 07:39:50","1","30","0","0","2025-01-30 21:00:38"
"575399","4704","2025-01-30 07:39:42","1","30","0","0","2025-01-30 21:00:37"
"575398","4857","2025-01-30 07:39:30","1","30","0","0","2025-01-30 21:00:36"
"575397","4817","2025-01-30 07:39:20","1","30","0","0","2025-01-30 21:00:35"
"575396","5242","2025-01-30 07:39:16","1","30","0","0","2025-01-30 21:00:34"
"575395","5009","2025-01-30 07:39:13","1","30","0","0","2025-01-30 21:00:34"
"575394","4752","2025-01-30 07:39:05","1","30","0","0","2025-01-30 21:00:33"
"575393","4743","2025-01-30 07:38:54","1","30","0","0","2025-01-30 21:00:32"
"575392","4630","2025-01-30 07:38:27","1","30","0","0","2025-01-30 21:00:31"
"575391","4780","2025-01-30 07:38:18","1","30","0","0","2025-01-30 21:00:30"
"575390","5239","2025-01-30 07:38:07","1","30","0","0","2025-01-30 21:00:29"
"575389","4826","2025-01-30 07:37:55","1","30","0","0","2025-01-30 21:00:28"
"575388","4889","2025-01-30 07:37:51","1","30","0","0","2025-01-30 21:00:27"
"575387","4635","2025-01-30 07:37:47","1","30","0","0","2025-01-30 21:00:27"
"575386","4758","2025-01-30 07:37:38","1","30","0","0","2025-01-30 21:00:25"
"575385","4677","2025-01-30 07:37:26","1","30","0","0","2025-01-30 21:00:24"
"575384","4849","2025-01-30 07:37:22","1","30","0","0","2025-01-30 21:00:24"
"575383","4485","2025-01-30 07:37:18","1","30","0","0","2025-01-30 21:00:23"
"575382","4509","2025-01-30 07:37:09","1","30","0","0","2025-01-30 21:00:22"
"575381","5156","2025-01-30 07:36:55","1","30","0","0","2025-01-30 21:00:21"
"575380","4606","2025-01-30 07:36:47","1","30","0","0","2025-01-30 21:00:21"
"575379","4954","2025-01-30 07:36:36","1","30","0","0","2025-01-30 21:00:20"
"575378","4974","2025-01-30 07:36:29","1","30","0","0","2025-01-30 21:00:19"
"575377","4609","2025-01-30 07:36:20","1","30","0","0","2025-01-30 21:00:18"
"575376","4966","2025-01-30 07:36:15","1","30","0","0","2025-01-30 21:00:18"
"575375","5093","2025-01-30 07:36:04","1","30","0","0","2025-01-30 21:00:17"
"575374","5293","2025-01-30 07:35:57","1","30","0","0","2025-01-30 21:00:16"
"575373","5104","2025-01-30 07:35:53","1","30","0","0","2025-01-30 21:00:15"
"575372","4593","2025-01-30 07:35:42","1","30","0","0","2025-01-30 21:00:14"
"575371","4499","2025-01-30 07:35:35","1","30","0","0","2025-01-30 21:00:14"
"575370","4497","2025-01-30 07:35:32","1","30","0","0","2025-01-30 21:00:13"
"575369","4500","2025-01-30 07:35:21","1","30","0","0","2025-01-30 21:00:12"
"575368","5145","2025-01-30 07:35:16","1","30","0","0","2025-01-30 21:00:11"
"575367","4955","2025-01-30 07:34:57","1","30","0","0","2025-01-30 21:00:09"
"575366","4580","2025-01-30 07:34:47","1","30","0","0","2025-01-30 21:00:07"
"575365","4466","2025-01-30 07:34:34","1","30","0","0","2025-01-30 21:00:06"
"575364","5105","2025-01-30 07:34:19","1","30","0","0","2025-01-30 21:00:05"
"575363","5203","2025-01-30 07:34:13","1","30","0","0","2025-01-30 21:00:04"
"575362","4664","2025-01-30 07:33:48","1","30","0","0","2025-01-30 21:00:03"
"575361","4760","2025-01-30 07:33:40","1","30","0","0","2025-01-30 21:00:03"
"575360","4890","2025-01-30 07:33:35","1","30","0","0","2025-01-30 21:00:02"
"575359","4847","2025-01-30 07:33:31","1","30","0","0","2025-01-30 21:00:01"
"575358","4720","2025-01-30 07:33:27","1","30","0","0","2025-01-30 21:00:00"
"575357","4776","2025-01-30 07:33:20","1","30","0","0","2025-01-30 20:59:59"
"575356","4845","2025-01-30 07:33:14","1","30","0","0","2025-01-30 20:59:59"
"575355","4813","2025-01-30 07:33:10","1","30","0","0","2025-01-30 20:59:58"
"575354","4687","2025-01-30 07:32:59","1","30","0","0","2025-01-30 20:59:57"
"575353","4652","2025-01-30 07:32:55","1","30","0","0","2025-01-30 20:59:56"
"575352","5276","2025-01-30 07:32:51","1","30","0","0","2025-01-30 20:59:55"
"575351","4790","2025-01-30 07:32:45","1","30","0","0","2025-01-30 20:59:55"
"575350","5280","2025-01-30 07:32:42","1","30","0","0","2025-01-30 20:59:54"
"575349","4493","2025-01-30 07:32:35","1","30","0","0","2025-01-30 20:59:53"
"575348","4490","2025-01-30 07:32:33","1","30","0","0","2025-01-30 20:59:52"
"575347","4491","2025-01-30 07:32:28","1","30","0","0","2025-01-30 20:59:52"
"575346","4631","2025-01-30 07:32:20","1","30","0","0","2025-01-30 20:59:51"
"575345","5084","2025-01-30 07:32:08","1","30","0","0","2025-01-30 20:59:50"
"575344","5083","2025-01-30 07:32:01","1","30","0","0","2025-01-30 20:59:49"
"575343","5155","2025-01-30 07:31:58","1","30","0","0","2025-01-30 20:59:48"
"575342","5218","2025-01-30 07:31:54","1","30","0","0","2025-01-30 20:59:48"
"575341","5202","2025-01-30 07:31:38","1","30","0","0","2025-01-30 20:59:47"
"575340","4476","2025-01-30 07:31:29","1","30","0","0","2025-01-30 20:59:46"
"575339","4545","2025-01-30 07:31:25","1","30","0","0","2025-01-30 20:59:45"
"575338","4543","2025-01-30 07:30:38","1","30","0","0","2025-01-30 20:59:43"
"575337","4547","2025-01-30 07:30:21","1","30","0","0","2025-01-30 20:59:42"
"575336","4546","2025-01-30 07:30:19","1","30","0","0","2025-01-30 20:59:41"
"575335","4740","2025-01-30 07:30:10","1","30","0","0","2025-01-30 20:59:41"
"575334","5268","2025-01-30 07:29:55","1","30","0","0","2025-01-30 20:59:40"
"575333","4477","2025-01-30 07:29:51","1","30","0","0","2025-01-30 20:59:39"
"575332","4892","2025-01-30 07:29:25","1","30","0","0","2025-01-30 20:59:38"
"575331","5087","2025-01-30 07:29:22","1","30","0","0","2025-01-30 20:59:38"
"575330","4950","2025-01-30 07:29:19","1","30","0","0","2025-01-30 20:59:37"
"575329","5290","2025-01-30 07:29:13","1","30","0","0","2025-01-30 20:59:36"
"575328","5297","2025-01-30 07:29:08","1","30","0","0","2025-01-30 20:59:35"
"575327","4750","2025-01-30 07:28:38","1","30","0","0","2025-01-30 20:59:35"
"575326","5002","2025-01-30 07:28:14","1","30","0","0","2025-01-30 20:59:33"
"575325","4700","2025-01-30 07:28:05","1","30","0","0","2025-01-30 20:59:32"
"575324","4450","2025-01-30 07:27:53","1","30","0","0","2025-01-30 20:59:30"
"575323","5273","2025-01-30 07:27:45","1","30","0","0","2025-01-30 20:59:30"
"575322","4804","2025-01-30 07:27:37","1","30","0","0","2025-01-30 20:59:29"
"575321","5283","2025-01-30 07:27:34","1","30","0","0","2025-01-30 20:59:28"
"575320","4564","2025-01-30 07:27:31","1","30","0","0","2025-01-30 20:59:27"
"575319","4916","2025-01-30 07:27:19","1","30","0","0","2025-01-30 20:59:27"
"575318","4751","2025-01-30 07:27:15","1","30","0","0","2025-01-30 20:59:26"
"575317","5284","2025-01-30 07:27:07","1","30","0","0","2025-01-30 20:59:25"
"575316","4888","2025-01-30 07:27:01","1","30","0","0","2025-01-30 20:59:24"
"575315","4709","2025-01-30 07:26:55","1","30","0","0","2025-01-30 20:59:24"
"575314","4786","2025-01-30 07:26:47","1","30","0","0","2025-01-30 20:59:23"
"575313","4551","2025-01-30 07:26:39","1","30","0","0","2025-01-30 20:59:22"
"575312","4885","2025-01-30 07:26:16","1","30","0","0","2025-01-30 20:59:20"
"575311","4448","2025-01-30 07:26:08","1","30","0","0","2025-01-30 20:59:19"
"575310","4759","2025-01-30 07:26:02","1","30","0","0","2025-01-30 20:59:18"
"575309","4933","2025-01-30 07:25:51","1","30","0","0","2025-01-30 20:59:17"
"575308","4662","2025-01-30 07:25:44","1","30","0","0","2025-01-30 20:59:16"
"575307","5061","2025-01-30 07:25:37","1","30","0","0","2025-01-30 20:59:16"
"575306","4665","2025-01-30 07:25:21","1","30","0","0","2025-01-30 20:59:15"
"575305","4672","2025-01-30 07:25:14","1","30","0","0","2025-01-30 20:59:14"
"575304","4675","2025-01-30 07:25:04","1","30","0","0","2025-01-30 20:59:13"
"575303","4996","2025-01-30 07:25:00","1","30","0","0","2025-01-30 20:59:12"
"575302","4712","2025-01-30 07:24:53","1","30","0","0","2025-01-30 20:59:11"
"575301","4444","2025-01-30 07:24:49","1","30","0","0","2025-01-30 20:59:10"
"575300","4721","2025-01-30 07:24:46","1","30","0","0","2025-01-30 20:59:09"
"575299","4807","2025-01-30 07:24:17","1","30","0","0","2025-01-30 20:59:08"
"575298","4755","2025-01-30 07:23:51","1","30","0","0","2025-01-30 20:59:08"
"575297","4467","2025-01-30 07:23:46","1","30","0","0","2025-01-30 20:59:07"
"575296","4877","2025-01-30 07:23:41","1","30","0","0","2025-01-30 20:59:06"
"575295","4532","2025-01-30 07:23:34","1","30","0","0","2025-01-30 20:59:05"
"575294","5265","2025-01-30 07:23:25","1","30","0","0","2025-01-30 20:59:04"
"575293","4456","2025-01-30 07:23:20","1","30","0","0","2025-01-30 20:59:03"
"575292","4455","2025-01-30 07:23:17","1","30","0","0","2025-01-30 20:59:02"
"575291","5216","2025-01-30 07:23:11","1","30","0","0","2025-01-30 20:59:02"
"575290","4464","2025-01-30 07:23:08","1","30","0","0","2025-01-30 20:59:01"
"575289","4796","2025-01-30 07:21:51","1","30","0","0","2025-01-30 20:58:59"
"575288","4925","2025-01-30 07:21:22","1","30","0","0","2025-01-30 20:58:59"
"575287","5245","2025-01-30 07:21:12","1","30","0","0","2025-01-30 20:58:58"
"575286","4447","2025-01-30 07:21:07","1","30","0","0","2025-01-30 20:58:57"
"575285","5249","2025-01-30 07:20:56","1","30","0","0","2025-01-30 20:58:56"
"575284","4632","2025-01-30 07:20:48","1","30","0","0","2025-01-30 20:58:55"
"575283","4958","2025-01-30 07:20:38","1","30","0","0","2025-01-30 20:58:55"
"575282","4901","2025-01-30 07:20:33","1","30","0","0","2025-01-30 20:58:54"
"575281","4907","2025-01-30 07:20:27","1","30","0","0","2025-01-30 20:58:53"
"575280","4799","2025-01-30 07:20:17","1","30","0","0","2025-01-30 20:58:52"
"575279","4716","2025-01-30 07:20:11","1","30","0","0","2025-01-30 20:58:52"
"575278","5263","2025-01-30 07:20:05","1","30","0","0","2025-01-30 20:58:51"
"575277","4655","2025-01-30 07:20:00","1","30","0","0","2025-01-30 20:58:50"
"575276","4953","2025-01-30 07:19:51","1","30","0","0","2025-01-30 20:58:49"
"575275","4730","2025-01-30 07:19:45","1","30","0","0","2025-01-30 20:58:49"
"575274","4520","2025-01-30 07:19:41","1","30","0","0","2025-01-30 20:58:48"
"575273","4641","2025-01-30 07:19:38","1","30","0","0","2025-01-30 20:58:47"
"575272","4816","2025-01-30 07:18:11","1","30","0","0","2025-01-30 20:58:46"
"575271","4519","2025-01-30 07:18:05","1","30","0","0","2025-01-30 20:58:45"
"575270","5134","2025-01-30 07:17:54","1","30","0","0","2025-01-30 20:58:45"
"575269","4457","2025-01-30 07:17:51","1","30","0","0","2025-01-30 20:58:44"
"575268","4981","2025-01-30 07:17:33","1","30","0","0","2025-01-30 20:58:43"
"575267","305","2025-01-30 07:17:21","1","30","0","0","2025-01-30 20:58:42"
"575266","5119","2025-01-30 07:17:09","1","30","0","0","2025-01-30 20:58:41"
"575265","4489","2025-01-30 07:16:59","1","30","0","0","2025-01-30 20:58:40"
"575264","4517","2025-01-30 07:16:54","1","30","0","0","2025-01-30 20:58:39"
"575263","4518","2025-01-30 07:16:49","1","30","0","0","2025-01-30 20:58:39"
"575262","4627","2025-01-30 07:16:42","1","30","0","0","2025-01-30 20:58:38"
"575261","5048","2025-01-30 07:16:13","1","30","0","0","2025-01-30 20:58:37"
"575260","5148","2025-01-30 07:16:08","1","30","0","0","2025-01-30 20:58:36"
"575259","4825","2025-01-30 07:15:59","1","30","0","0","2025-01-30 20:58:36"
"575258","4619","2025-01-30 07:15:55","1","30","0","0","2025-01-30 20:58:35"
"575257","4967","2025-01-30 07:15:15","1","30","0","0","2025-01-30 20:58:33"
"575256","4612","2025-01-30 07:15:06","1","30","0","0","2025-01-30 20:58:33"
"575255","4911","2025-01-30 07:15:01","1","30","0","0","2025-01-30 20:58:32"
"575254","4617","2025-01-30 07:14:57","1","30","0","0","2025-01-30 20:58:31"
"575253","4676","2025-01-30 07:14:54","1","30","0","0","2025-01-30 20:58:30"
"575252","5282","2025-01-30 07:14:00","1","30","0","0","2025-01-30 20:58:29"
"575251","5241","2025-01-30 07:13:55","1","30","0","0","2025-01-30 20:58:29"
"575250","4643","2025-01-30 07:13:43","1","30","0","0","2025-01-30 20:58:28"
"575249","4791","2025-01-30 07:13:41","1","30","0","0","2025-01-30 20:58:27"
"575248","5086","2025-01-30 07:13:36","1","30","0","0","2025-01-30 20:58:26"
"575247","4792","2025-01-30 07:13:28","1","30","0","0","2025-01-30 20:58:26"
"575246","4583","2025-01-30 07:13:27","1","30","0","0","2025-01-30 20:58:25"
"575245","4480","2025-01-30 07:13:19","1","30","0","0","2025-01-30 20:58:24"
"575244","4486","2025-01-30 07:13:11","1","30","0","0","2025-01-30 20:58:23"
"575243","4667","2025-01-30 07:13:08","1","30","0","0","2025-01-30 20:58:22"
"575242","4680","2025-01-30 07:13:05","1","30","0","0","2025-01-30 20:58:21"
"575241","4592","2025-01-30 07:12:43","1","30","0","0","2025-01-30 20:58:20"
"575240","4553","2025-01-30 07:12:36","1","30","0","0","2025-01-30 20:58:20"
"575239","4614","2025-01-30 07:12:31","1","30","0","0","2025-01-30 20:58:19"
"575238","4634","2025-01-30 07:12:23","1","30","0","0","2025-01-30 20:58:18"
"575237","5254","2025-01-30 07:12:17","1","30","0","0","2025-01-30 20:58:17"
"575236","4714","2025-01-30 07:12:12","1","30","0","0","2025-01-30 20:58:17"
"575235","4717","2025-01-30 07:12:07","1","30","0","0","2025-01-30 20:58:16"
"575234","4610","2025-01-30 07:11:59","1","30","0","0","2025-01-30 20:58:15"
"575233","4832","2025-01-30 07:11:54","1","30","0","0","2025-01-30 20:58:14"
"575232","4773","2025-01-30 07:11:51","1","30","0","0","2025-01-30 20:58:13"
"575231","4584","2025-01-30 07:11:46","1","30","0","0","2025-01-30 20:58:12"
"575230","4995","2025-01-30 07:11:39","1","30","0","0","2025-01-30 20:58:12"
"575229","4904","2025-01-30 07:11:04","1","30","0","0","2025-01-30 20:58:10"
"575228","5267","2025-01-30 07:10:56","1","30","0","0","2025-01-30 20:58:09"
"575227","5235","2025-01-30 07:10:48","1","30","0","0","2025-01-30 20:58:09"
"575226","5131","2025-01-30 07:10:40","1","30","0","0","2025-01-30 20:58:08"
"575225","4927","2025-01-30 07:10:20","1","30","0","0","2025-01-30 20:58:07"
"575224","5062","2025-01-30 07:09:43","1","30","0","0","2025-01-30 20:58:06"
"575223","4944","2025-01-30 07:09:36","1","30","0","0","2025-01-30 20:58:06"
"575222","4787","2025-01-30 07:09:29","1","30","0","0","2025-01-30 20:58:05"
"575221","4647","2025-01-30 07:09:23","1","30","0","0","2025-01-30 20:58:04"
"575220","4478","2025-01-30 07:09:07","1","30","0","0","2025-01-30 20:58:03"
"575219","4479","2025-01-30 07:09:04","1","30","0","0","2025-01-30 20:58:02"
"575218","4535","2025-01-30 07:09:01","1","30","0","0","2025-01-30 20:58:02"
"575217","5217","2025-01-30 07:07:28","1","30","0","0","2025-01-30 20:58:01"
"575216","5228","2025-01-30 07:07:26","1","30","0","0","2025-01-30 20:58:00"
"575215","5255","2025-01-30 07:07:22","1","30","0","0","2025-01-30 20:57:59"
"575214","5175","2025-01-30 07:06:58","1","30","0","0","2025-01-30 20:57:59"
"575213","4891","2025-01-30 07:05:57","1","30","0","0","2025-01-30 20:57:57"
"575212","4725","2025-01-30 07:05:54","1","30","0","0","2025-01-30 20:57:56"
"575211","4843","2025-01-30 07:05:36","1","30","0","0","2025-01-30 20:57:55"
"575210","5129","2025-01-30 07:05:33","1","30","0","0","2025-01-30 20:57:54"
"575209","5124","2025-01-30 07:04:33","1","30","0","0","2025-01-30 20:57:53"
"575208","4482","2025-01-30 07:04:29","1","30","0","0","2025-01-30 20:57:53"
"575207","4449","2025-01-30 07:04:23","1","30","0","0","2025-01-30 20:57:52"
"575206","4774","2025-01-30 07:04:17","1","30","0","0","2025-01-30 20:57:51"
"575205","4727","2025-01-30 07:03:30","1","30","0","0","2025-01-30 20:57:47"
"575204","5085","2025-01-30 07:03:26","1","30","0","0","2025-01-30 20:57:47"
"575203","5074","2025-01-30 07:03:22","1","30","0","0","2025-01-30 20:57:46"
"575202","4713","2025-01-30 07:02:49","1","30","0","0","2025-01-30 20:57:45"
"575201","5063","2025-01-30 07:02:38","1","30","0","0","2025-01-30 20:57:44"
"575200","4812","2025-01-30 07:02:28","1","30","0","0","2025-01-30 20:57:43"
"575199","5089","2025-01-30 07:01:36","1","30","0","0","2025-01-30 20:57:43"
"575198","4718","2025-01-30 07:01:30","1","30","0","0","2025-01-30 20:57:42"
"575197","4504","2025-01-30 07:01:25","1","30","0","0","2025-01-30 20:57:41"
"575196","5279","2025-01-30 07:01:10","1","30","0","0","2025-01-30 20:57:40"
"575195","4521","2025-01-30 07:01:06","1","30","0","0","2025-01-30 20:57:39"
"575194","4608","2025-01-30 07:00:58","1","30","0","0","2025-01-30 20:57:38"
"575193","4577","2025-01-30 07:00:20","1","30","0","0","2025-01-30 20:57:37"
"575192","4526","2025-01-30 07:00:13","1","30","0","0","2025-01-30 20:57:36"
"575191","5234","2025-01-30 07:00:03","1","30","0","0","2025-01-30 20:57:35"
"575190","5214","2025-01-30 06:59:59","1","30","0","0","2025-01-30 20:57:34"
"575189","4624","2025-01-30 06:59:12","1","30","0","0","2025-01-30 20:57:33"
"575188","4708","2025-01-30 06:59:07","1","30","0","0","2025-01-30 20:57:32"
"575187","5222","2025-01-30 06:58:54","1","30","0","0","2025-01-30 20:57:32"
"575186","5225","2025-01-30 06:58:50","1","30","0","0","2025-01-30 20:57:31"
"575185","5304","2025-01-30 06:58:47","1","30","0","0","2025-01-30 20:57:30"
